
Amit_D_102.elf:     file format elf32-avr

Sections:
Idx Name          Size      VMA       LMA       File off  Algn
  0 .text         000027a0  00000000  00000000  00000074  2**1
                  CONTENTS, ALLOC, LOAD, READONLY, CODE
  1 .data         0000013c  00800060  000027a0  00002814  2**0
                  CONTENTS, ALLOC, LOAD, DATA
  2 .stab         00002808  00000000  00000000  00002950  2**2
                  CONTENTS, READONLY, DEBUGGING
  3 .stabstr      00001434  00000000  00000000  00005158  2**0
                  CONTENTS, READONLY, DEBUGGING
  4 .debug_aranges 000001a0  00000000  00000000  0000658c  2**0
                  CONTENTS, READONLY, DEBUGGING
  5 .debug_pubnames 000001f0  00000000  00000000  0000672c  2**0
                  CONTENTS, READONLY, DEBUGGING
  6 .debug_info   0000240c  00000000  00000000  0000691c  2**0
                  CONTENTS, READONLY, DEBUGGING
  7 .debug_abbrev 00001377  00000000  00000000  00008d28  2**0
                  CONTENTS, READONLY, DEBUGGING
  8 .debug_line   000011d8  00000000  00000000  0000a09f  2**0
                  CONTENTS, READONLY, DEBUGGING
  9 .debug_frame  000001c0  00000000  00000000  0000b278  2**2
                  CONTENTS, READONLY, DEBUGGING
 10 .debug_str    000002f3  00000000  00000000  0000b438  2**0
                  CONTENTS, READONLY, DEBUGGING
 11 .debug_loc    000009ce  00000000  00000000  0000b72b  2**0
                  CONTENTS, READONLY, DEBUGGING
 12 .debug_ranges 00000050  00000000  00000000  0000c0f9  2**0
                  CONTENTS, READONLY, DEBUGGING

Disassembly of section .text:

00000000 <__vectors>:
       0:	0c 94 2a 00 	jmp	0x54	; 0x54 <__ctors_end>
       4:	0c 94 3f 00 	jmp	0x7e	; 0x7e <__bad_interrupt>
       8:	0c 94 3f 00 	jmp	0x7e	; 0x7e <__bad_interrupt>
       c:	0c 94 3f 00 	jmp	0x7e	; 0x7e <__bad_interrupt>
      10:	0c 94 3f 00 	jmp	0x7e	; 0x7e <__bad_interrupt>
      14:	0c 94 3f 00 	jmp	0x7e	; 0x7e <__bad_interrupt>
      18:	0c 94 3f 00 	jmp	0x7e	; 0x7e <__bad_interrupt>
      1c:	0c 94 3f 00 	jmp	0x7e	; 0x7e <__bad_interrupt>
      20:	0c 94 3f 00 	jmp	0x7e	; 0x7e <__bad_interrupt>
      24:	0c 94 3f 00 	jmp	0x7e	; 0x7e <__bad_interrupt>
      28:	0c 94 3f 00 	jmp	0x7e	; 0x7e <__bad_interrupt>
      2c:	0c 94 3f 00 	jmp	0x7e	; 0x7e <__bad_interrupt>
      30:	0c 94 3f 00 	jmp	0x7e	; 0x7e <__bad_interrupt>
      34:	0c 94 3f 00 	jmp	0x7e	; 0x7e <__bad_interrupt>
      38:	0c 94 3f 00 	jmp	0x7e	; 0x7e <__bad_interrupt>
      3c:	0c 94 3f 00 	jmp	0x7e	; 0x7e <__bad_interrupt>
      40:	0c 94 3f 00 	jmp	0x7e	; 0x7e <__bad_interrupt>
      44:	0c 94 3f 00 	jmp	0x7e	; 0x7e <__bad_interrupt>
      48:	0c 94 3f 00 	jmp	0x7e	; 0x7e <__bad_interrupt>
      4c:	0c 94 3f 00 	jmp	0x7e	; 0x7e <__bad_interrupt>
      50:	0c 94 3f 00 	jmp	0x7e	; 0x7e <__bad_interrupt>

00000054 <__ctors_end>:
      54:	11 24       	eor	r1, r1
      56:	1f be       	out	0x3f, r1	; 63
      58:	cf e5       	ldi	r28, 0x5F	; 95
      5a:	d4 e0       	ldi	r29, 0x04	; 4
      5c:	de bf       	out	0x3e, r29	; 62
      5e:	cd bf       	out	0x3d, r28	; 61

00000060 <__do_copy_data>:
      60:	11 e0       	ldi	r17, 0x01	; 1
      62:	a0 e6       	ldi	r26, 0x60	; 96
      64:	b0 e0       	ldi	r27, 0x00	; 0
      66:	e0 ea       	ldi	r30, 0xA0	; 160
      68:	f7 e2       	ldi	r31, 0x27	; 39
      6a:	02 c0       	rjmp	.+4      	; 0x70 <.do_copy_data_start>

0000006c <.do_copy_data_loop>:
      6c:	05 90       	lpm	r0, Z+
      6e:	0d 92       	st	X+, r0

00000070 <.do_copy_data_start>:
      70:	ac 39       	cpi	r26, 0x9C	; 156
      72:	b1 07       	cpc	r27, r17
      74:	d9 f7       	brne	.-10     	; 0x6c <.do_copy_data_loop>
      76:	0e 94 24 12 	call	0x2448	; 0x2448 <main>
      7a:	0c 94 ce 13 	jmp	0x279c	; 0x279c <_exit>

0000007e <__bad_interrupt>:
      7e:	0c 94 00 00 	jmp	0	; 0x0 <__vectors>

00000082 <__fixunssfsi>:
      82:	ef 92       	push	r14
      84:	ff 92       	push	r15
      86:	0f 93       	push	r16
      88:	1f 93       	push	r17
      8a:	7b 01       	movw	r14, r22
      8c:	8c 01       	movw	r16, r24
      8e:	20 e0       	ldi	r18, 0x00	; 0
      90:	30 e0       	ldi	r19, 0x00	; 0
      92:	40 e0       	ldi	r20, 0x00	; 0
      94:	5f e4       	ldi	r21, 0x4F	; 79
      96:	0e 94 ed 03 	call	0x7da	; 0x7da <__gesf2>
      9a:	88 23       	and	r24, r24
      9c:	8c f0       	brlt	.+34     	; 0xc0 <__fixunssfsi+0x3e>
      9e:	c8 01       	movw	r24, r16
      a0:	b7 01       	movw	r22, r14
      a2:	20 e0       	ldi	r18, 0x00	; 0
      a4:	30 e0       	ldi	r19, 0x00	; 0
      a6:	40 e0       	ldi	r20, 0x00	; 0
      a8:	5f e4       	ldi	r21, 0x4F	; 79
      aa:	0e 94 b9 01 	call	0x372	; 0x372 <__subsf3>
      ae:	0e 94 ab 04 	call	0x956	; 0x956 <__fixsfsi>
      b2:	9b 01       	movw	r18, r22
      b4:	ac 01       	movw	r20, r24
      b6:	20 50       	subi	r18, 0x00	; 0
      b8:	30 40       	sbci	r19, 0x00	; 0
      ba:	40 40       	sbci	r20, 0x00	; 0
      bc:	50 48       	sbci	r21, 0x80	; 128
      be:	06 c0       	rjmp	.+12     	; 0xcc <__fixunssfsi+0x4a>
      c0:	c8 01       	movw	r24, r16
      c2:	b7 01       	movw	r22, r14
      c4:	0e 94 ab 04 	call	0x956	; 0x956 <__fixsfsi>
      c8:	9b 01       	movw	r18, r22
      ca:	ac 01       	movw	r20, r24
      cc:	b9 01       	movw	r22, r18
      ce:	ca 01       	movw	r24, r20
      d0:	1f 91       	pop	r17
      d2:	0f 91       	pop	r16
      d4:	ff 90       	pop	r15
      d6:	ef 90       	pop	r14
      d8:	08 95       	ret

000000da <_fpadd_parts>:
      da:	a0 e0       	ldi	r26, 0x00	; 0
      dc:	b0 e0       	ldi	r27, 0x00	; 0
      de:	e3 e7       	ldi	r30, 0x73	; 115
      e0:	f0 e0       	ldi	r31, 0x00	; 0
      e2:	0c 94 97 13 	jmp	0x272e	; 0x272e <__prologue_saves__>
      e6:	dc 01       	movw	r26, r24
      e8:	2b 01       	movw	r4, r22
      ea:	fa 01       	movw	r30, r20
      ec:	9c 91       	ld	r25, X
      ee:	92 30       	cpi	r25, 0x02	; 2
      f0:	08 f4       	brcc	.+2      	; 0xf4 <_fpadd_parts+0x1a>
      f2:	39 c1       	rjmp	.+626    	; 0x366 <_fpadd_parts+0x28c>
      f4:	eb 01       	movw	r28, r22
      f6:	88 81       	ld	r24, Y
      f8:	82 30       	cpi	r24, 0x02	; 2
      fa:	08 f4       	brcc	.+2      	; 0xfe <_fpadd_parts+0x24>
      fc:	33 c1       	rjmp	.+614    	; 0x364 <_fpadd_parts+0x28a>
      fe:	94 30       	cpi	r25, 0x04	; 4
     100:	69 f4       	brne	.+26     	; 0x11c <_fpadd_parts+0x42>
     102:	84 30       	cpi	r24, 0x04	; 4
     104:	09 f0       	breq	.+2      	; 0x108 <_fpadd_parts+0x2e>
     106:	2f c1       	rjmp	.+606    	; 0x366 <_fpadd_parts+0x28c>
     108:	11 96       	adiw	r26, 0x01	; 1
     10a:	9c 91       	ld	r25, X
     10c:	11 97       	sbiw	r26, 0x01	; 1
     10e:	89 81       	ldd	r24, Y+1	; 0x01
     110:	98 17       	cp	r25, r24
     112:	09 f4       	brne	.+2      	; 0x116 <_fpadd_parts+0x3c>
     114:	28 c1       	rjmp	.+592    	; 0x366 <_fpadd_parts+0x28c>
     116:	a0 e6       	ldi	r26, 0x60	; 96
     118:	b0 e0       	ldi	r27, 0x00	; 0
     11a:	25 c1       	rjmp	.+586    	; 0x366 <_fpadd_parts+0x28c>
     11c:	84 30       	cpi	r24, 0x04	; 4
     11e:	09 f4       	brne	.+2      	; 0x122 <_fpadd_parts+0x48>
     120:	21 c1       	rjmp	.+578    	; 0x364 <_fpadd_parts+0x28a>
     122:	82 30       	cpi	r24, 0x02	; 2
     124:	a9 f4       	brne	.+42     	; 0x150 <_fpadd_parts+0x76>
     126:	92 30       	cpi	r25, 0x02	; 2
     128:	09 f0       	breq	.+2      	; 0x12c <_fpadd_parts+0x52>
     12a:	1d c1       	rjmp	.+570    	; 0x366 <_fpadd_parts+0x28c>
     12c:	9a 01       	movw	r18, r20
     12e:	ad 01       	movw	r20, r26
     130:	88 e0       	ldi	r24, 0x08	; 8
     132:	ea 01       	movw	r28, r20
     134:	09 90       	ld	r0, Y+
     136:	ae 01       	movw	r20, r28
     138:	e9 01       	movw	r28, r18
     13a:	09 92       	st	Y+, r0
     13c:	9e 01       	movw	r18, r28
     13e:	81 50       	subi	r24, 0x01	; 1
     140:	c1 f7       	brne	.-16     	; 0x132 <_fpadd_parts+0x58>
     142:	e2 01       	movw	r28, r4
     144:	89 81       	ldd	r24, Y+1	; 0x01
     146:	11 96       	adiw	r26, 0x01	; 1
     148:	9c 91       	ld	r25, X
     14a:	89 23       	and	r24, r25
     14c:	81 83       	std	Z+1, r24	; 0x01
     14e:	08 c1       	rjmp	.+528    	; 0x360 <_fpadd_parts+0x286>
     150:	92 30       	cpi	r25, 0x02	; 2
     152:	09 f4       	brne	.+2      	; 0x156 <_fpadd_parts+0x7c>
     154:	07 c1       	rjmp	.+526    	; 0x364 <_fpadd_parts+0x28a>
     156:	12 96       	adiw	r26, 0x02	; 2
     158:	2d 90       	ld	r2, X+
     15a:	3c 90       	ld	r3, X
     15c:	13 97       	sbiw	r26, 0x03	; 3
     15e:	eb 01       	movw	r28, r22
     160:	8a 81       	ldd	r24, Y+2	; 0x02
     162:	9b 81       	ldd	r25, Y+3	; 0x03
     164:	14 96       	adiw	r26, 0x04	; 4
     166:	ad 90       	ld	r10, X+
     168:	bd 90       	ld	r11, X+
     16a:	cd 90       	ld	r12, X+
     16c:	dc 90       	ld	r13, X
     16e:	17 97       	sbiw	r26, 0x07	; 7
     170:	ec 80       	ldd	r14, Y+4	; 0x04
     172:	fd 80       	ldd	r15, Y+5	; 0x05
     174:	0e 81       	ldd	r16, Y+6	; 0x06
     176:	1f 81       	ldd	r17, Y+7	; 0x07
     178:	91 01       	movw	r18, r2
     17a:	28 1b       	sub	r18, r24
     17c:	39 0b       	sbc	r19, r25
     17e:	b9 01       	movw	r22, r18
     180:	37 ff       	sbrs	r19, 7
     182:	04 c0       	rjmp	.+8      	; 0x18c <_fpadd_parts+0xb2>
     184:	66 27       	eor	r22, r22
     186:	77 27       	eor	r23, r23
     188:	62 1b       	sub	r22, r18
     18a:	73 0b       	sbc	r23, r19
     18c:	60 32       	cpi	r22, 0x20	; 32
     18e:	71 05       	cpc	r23, r1
     190:	0c f0       	brlt	.+2      	; 0x194 <_fpadd_parts+0xba>
     192:	61 c0       	rjmp	.+194    	; 0x256 <_fpadd_parts+0x17c>
     194:	12 16       	cp	r1, r18
     196:	13 06       	cpc	r1, r19
     198:	6c f5       	brge	.+90     	; 0x1f4 <_fpadd_parts+0x11a>
     19a:	37 01       	movw	r6, r14
     19c:	48 01       	movw	r8, r16
     19e:	06 2e       	mov	r0, r22
     1a0:	04 c0       	rjmp	.+8      	; 0x1aa <_fpadd_parts+0xd0>
     1a2:	96 94       	lsr	r9
     1a4:	87 94       	ror	r8
     1a6:	77 94       	ror	r7
     1a8:	67 94       	ror	r6
     1aa:	0a 94       	dec	r0
     1ac:	d2 f7       	brpl	.-12     	; 0x1a2 <_fpadd_parts+0xc8>
     1ae:	21 e0       	ldi	r18, 0x01	; 1
     1b0:	30 e0       	ldi	r19, 0x00	; 0
     1b2:	40 e0       	ldi	r20, 0x00	; 0
     1b4:	50 e0       	ldi	r21, 0x00	; 0
     1b6:	04 c0       	rjmp	.+8      	; 0x1c0 <_fpadd_parts+0xe6>
     1b8:	22 0f       	add	r18, r18
     1ba:	33 1f       	adc	r19, r19
     1bc:	44 1f       	adc	r20, r20
     1be:	55 1f       	adc	r21, r21
     1c0:	6a 95       	dec	r22
     1c2:	d2 f7       	brpl	.-12     	; 0x1b8 <_fpadd_parts+0xde>
     1c4:	21 50       	subi	r18, 0x01	; 1
     1c6:	30 40       	sbci	r19, 0x00	; 0
     1c8:	40 40       	sbci	r20, 0x00	; 0
     1ca:	50 40       	sbci	r21, 0x00	; 0
     1cc:	2e 21       	and	r18, r14
     1ce:	3f 21       	and	r19, r15
     1d0:	40 23       	and	r20, r16
     1d2:	51 23       	and	r21, r17
     1d4:	21 15       	cp	r18, r1
     1d6:	31 05       	cpc	r19, r1
     1d8:	41 05       	cpc	r20, r1
     1da:	51 05       	cpc	r21, r1
     1dc:	21 f0       	breq	.+8      	; 0x1e6 <_fpadd_parts+0x10c>
     1de:	21 e0       	ldi	r18, 0x01	; 1
     1e0:	30 e0       	ldi	r19, 0x00	; 0
     1e2:	40 e0       	ldi	r20, 0x00	; 0
     1e4:	50 e0       	ldi	r21, 0x00	; 0
     1e6:	79 01       	movw	r14, r18
     1e8:	8a 01       	movw	r16, r20
     1ea:	e6 28       	or	r14, r6
     1ec:	f7 28       	or	r15, r7
     1ee:	08 29       	or	r16, r8
     1f0:	19 29       	or	r17, r9
     1f2:	3c c0       	rjmp	.+120    	; 0x26c <_fpadd_parts+0x192>
     1f4:	23 2b       	or	r18, r19
     1f6:	d1 f1       	breq	.+116    	; 0x26c <_fpadd_parts+0x192>
     1f8:	26 0e       	add	r2, r22
     1fa:	37 1e       	adc	r3, r23
     1fc:	35 01       	movw	r6, r10
     1fe:	46 01       	movw	r8, r12
     200:	06 2e       	mov	r0, r22
     202:	04 c0       	rjmp	.+8      	; 0x20c <_fpadd_parts+0x132>
     204:	96 94       	lsr	r9
     206:	87 94       	ror	r8
     208:	77 94       	ror	r7
     20a:	67 94       	ror	r6
     20c:	0a 94       	dec	r0
     20e:	d2 f7       	brpl	.-12     	; 0x204 <_fpadd_parts+0x12a>
     210:	21 e0       	ldi	r18, 0x01	; 1
     212:	30 e0       	ldi	r19, 0x00	; 0
     214:	40 e0       	ldi	r20, 0x00	; 0
     216:	50 e0       	ldi	r21, 0x00	; 0
     218:	04 c0       	rjmp	.+8      	; 0x222 <_fpadd_parts+0x148>
     21a:	22 0f       	add	r18, r18
     21c:	33 1f       	adc	r19, r19
     21e:	44 1f       	adc	r20, r20
     220:	55 1f       	adc	r21, r21
     222:	6a 95       	dec	r22
     224:	d2 f7       	brpl	.-12     	; 0x21a <_fpadd_parts+0x140>
     226:	21 50       	subi	r18, 0x01	; 1
     228:	30 40       	sbci	r19, 0x00	; 0
     22a:	40 40       	sbci	r20, 0x00	; 0
     22c:	50 40       	sbci	r21, 0x00	; 0
     22e:	2a 21       	and	r18, r10
     230:	3b 21       	and	r19, r11
     232:	4c 21       	and	r20, r12
     234:	5d 21       	and	r21, r13
     236:	21 15       	cp	r18, r1
     238:	31 05       	cpc	r19, r1
     23a:	41 05       	cpc	r20, r1
     23c:	51 05       	cpc	r21, r1
     23e:	21 f0       	breq	.+8      	; 0x248 <_fpadd_parts+0x16e>
     240:	21 e0       	ldi	r18, 0x01	; 1
     242:	30 e0       	ldi	r19, 0x00	; 0
     244:	40 e0       	ldi	r20, 0x00	; 0
     246:	50 e0       	ldi	r21, 0x00	; 0
     248:	59 01       	movw	r10, r18
     24a:	6a 01       	movw	r12, r20
     24c:	a6 28       	or	r10, r6
     24e:	b7 28       	or	r11, r7
     250:	c8 28       	or	r12, r8
     252:	d9 28       	or	r13, r9
     254:	0b c0       	rjmp	.+22     	; 0x26c <_fpadd_parts+0x192>
     256:	82 15       	cp	r24, r2
     258:	93 05       	cpc	r25, r3
     25a:	2c f0       	brlt	.+10     	; 0x266 <_fpadd_parts+0x18c>
     25c:	1c 01       	movw	r2, r24
     25e:	aa 24       	eor	r10, r10
     260:	bb 24       	eor	r11, r11
     262:	65 01       	movw	r12, r10
     264:	03 c0       	rjmp	.+6      	; 0x26c <_fpadd_parts+0x192>
     266:	ee 24       	eor	r14, r14
     268:	ff 24       	eor	r15, r15
     26a:	87 01       	movw	r16, r14
     26c:	11 96       	adiw	r26, 0x01	; 1
     26e:	9c 91       	ld	r25, X
     270:	d2 01       	movw	r26, r4
     272:	11 96       	adiw	r26, 0x01	; 1
     274:	8c 91       	ld	r24, X
     276:	98 17       	cp	r25, r24
     278:	09 f4       	brne	.+2      	; 0x27c <_fpadd_parts+0x1a2>
     27a:	45 c0       	rjmp	.+138    	; 0x306 <_fpadd_parts+0x22c>
     27c:	99 23       	and	r25, r25
     27e:	39 f0       	breq	.+14     	; 0x28e <_fpadd_parts+0x1b4>
     280:	a8 01       	movw	r20, r16
     282:	97 01       	movw	r18, r14
     284:	2a 19       	sub	r18, r10
     286:	3b 09       	sbc	r19, r11
     288:	4c 09       	sbc	r20, r12
     28a:	5d 09       	sbc	r21, r13
     28c:	06 c0       	rjmp	.+12     	; 0x29a <_fpadd_parts+0x1c0>
     28e:	a6 01       	movw	r20, r12
     290:	95 01       	movw	r18, r10
     292:	2e 19       	sub	r18, r14
     294:	3f 09       	sbc	r19, r15
     296:	40 0b       	sbc	r20, r16
     298:	51 0b       	sbc	r21, r17
     29a:	57 fd       	sbrc	r21, 7
     29c:	08 c0       	rjmp	.+16     	; 0x2ae <_fpadd_parts+0x1d4>
     29e:	11 82       	std	Z+1, r1	; 0x01
     2a0:	33 82       	std	Z+3, r3	; 0x03
     2a2:	22 82       	std	Z+2, r2	; 0x02
     2a4:	24 83       	std	Z+4, r18	; 0x04
     2a6:	35 83       	std	Z+5, r19	; 0x05
     2a8:	46 83       	std	Z+6, r20	; 0x06
     2aa:	57 83       	std	Z+7, r21	; 0x07
     2ac:	1d c0       	rjmp	.+58     	; 0x2e8 <_fpadd_parts+0x20e>
     2ae:	81 e0       	ldi	r24, 0x01	; 1
     2b0:	81 83       	std	Z+1, r24	; 0x01
     2b2:	33 82       	std	Z+3, r3	; 0x03
     2b4:	22 82       	std	Z+2, r2	; 0x02
     2b6:	88 27       	eor	r24, r24
     2b8:	99 27       	eor	r25, r25
     2ba:	dc 01       	movw	r26, r24
     2bc:	82 1b       	sub	r24, r18
     2be:	93 0b       	sbc	r25, r19
     2c0:	a4 0b       	sbc	r26, r20
     2c2:	b5 0b       	sbc	r27, r21
     2c4:	84 83       	std	Z+4, r24	; 0x04
     2c6:	95 83       	std	Z+5, r25	; 0x05
     2c8:	a6 83       	std	Z+6, r26	; 0x06
     2ca:	b7 83       	std	Z+7, r27	; 0x07
     2cc:	0d c0       	rjmp	.+26     	; 0x2e8 <_fpadd_parts+0x20e>
     2ce:	22 0f       	add	r18, r18
     2d0:	33 1f       	adc	r19, r19
     2d2:	44 1f       	adc	r20, r20
     2d4:	55 1f       	adc	r21, r21
     2d6:	24 83       	std	Z+4, r18	; 0x04
     2d8:	35 83       	std	Z+5, r19	; 0x05
     2da:	46 83       	std	Z+6, r20	; 0x06
     2dc:	57 83       	std	Z+7, r21	; 0x07
     2de:	82 81       	ldd	r24, Z+2	; 0x02
     2e0:	93 81       	ldd	r25, Z+3	; 0x03
     2e2:	01 97       	sbiw	r24, 0x01	; 1
     2e4:	93 83       	std	Z+3, r25	; 0x03
     2e6:	82 83       	std	Z+2, r24	; 0x02
     2e8:	24 81       	ldd	r18, Z+4	; 0x04
     2ea:	35 81       	ldd	r19, Z+5	; 0x05
     2ec:	46 81       	ldd	r20, Z+6	; 0x06
     2ee:	57 81       	ldd	r21, Z+7	; 0x07
     2f0:	da 01       	movw	r26, r20
     2f2:	c9 01       	movw	r24, r18
     2f4:	01 97       	sbiw	r24, 0x01	; 1
     2f6:	a1 09       	sbc	r26, r1
     2f8:	b1 09       	sbc	r27, r1
     2fa:	8f 5f       	subi	r24, 0xFF	; 255
     2fc:	9f 4f       	sbci	r25, 0xFF	; 255
     2fe:	af 4f       	sbci	r26, 0xFF	; 255
     300:	bf 43       	sbci	r27, 0x3F	; 63
     302:	28 f3       	brcs	.-54     	; 0x2ce <_fpadd_parts+0x1f4>
     304:	0b c0       	rjmp	.+22     	; 0x31c <_fpadd_parts+0x242>
     306:	91 83       	std	Z+1, r25	; 0x01
     308:	33 82       	std	Z+3, r3	; 0x03
     30a:	22 82       	std	Z+2, r2	; 0x02
     30c:	ea 0c       	add	r14, r10
     30e:	fb 1c       	adc	r15, r11
     310:	0c 1d       	adc	r16, r12
     312:	1d 1d       	adc	r17, r13
     314:	e4 82       	std	Z+4, r14	; 0x04
     316:	f5 82       	std	Z+5, r15	; 0x05
     318:	06 83       	std	Z+6, r16	; 0x06
     31a:	17 83       	std	Z+7, r17	; 0x07
     31c:	83 e0       	ldi	r24, 0x03	; 3
     31e:	80 83       	st	Z, r24
     320:	24 81       	ldd	r18, Z+4	; 0x04
     322:	35 81       	ldd	r19, Z+5	; 0x05
     324:	46 81       	ldd	r20, Z+6	; 0x06
     326:	57 81       	ldd	r21, Z+7	; 0x07
     328:	57 ff       	sbrs	r21, 7
     32a:	1a c0       	rjmp	.+52     	; 0x360 <_fpadd_parts+0x286>
     32c:	c9 01       	movw	r24, r18
     32e:	aa 27       	eor	r26, r26
     330:	97 fd       	sbrc	r25, 7
     332:	a0 95       	com	r26
     334:	ba 2f       	mov	r27, r26
     336:	81 70       	andi	r24, 0x01	; 1
     338:	90 70       	andi	r25, 0x00	; 0
     33a:	a0 70       	andi	r26, 0x00	; 0
     33c:	b0 70       	andi	r27, 0x00	; 0
     33e:	56 95       	lsr	r21
     340:	47 95       	ror	r20
     342:	37 95       	ror	r19
     344:	27 95       	ror	r18
     346:	82 2b       	or	r24, r18
     348:	93 2b       	or	r25, r19
     34a:	a4 2b       	or	r26, r20
     34c:	b5 2b       	or	r27, r21
     34e:	84 83       	std	Z+4, r24	; 0x04
     350:	95 83       	std	Z+5, r25	; 0x05
     352:	a6 83       	std	Z+6, r26	; 0x06
     354:	b7 83       	std	Z+7, r27	; 0x07
     356:	82 81       	ldd	r24, Z+2	; 0x02
     358:	93 81       	ldd	r25, Z+3	; 0x03
     35a:	01 96       	adiw	r24, 0x01	; 1
     35c:	93 83       	std	Z+3, r25	; 0x03
     35e:	82 83       	std	Z+2, r24	; 0x02
     360:	df 01       	movw	r26, r30
     362:	01 c0       	rjmp	.+2      	; 0x366 <_fpadd_parts+0x28c>
     364:	d2 01       	movw	r26, r4
     366:	cd 01       	movw	r24, r26
     368:	cd b7       	in	r28, 0x3d	; 61
     36a:	de b7       	in	r29, 0x3e	; 62
     36c:	e2 e1       	ldi	r30, 0x12	; 18
     36e:	0c 94 b3 13 	jmp	0x2766	; 0x2766 <__epilogue_restores__>

00000372 <__subsf3>:
     372:	a0 e2       	ldi	r26, 0x20	; 32
     374:	b0 e0       	ldi	r27, 0x00	; 0
     376:	ef eb       	ldi	r30, 0xBF	; 191
     378:	f1 e0       	ldi	r31, 0x01	; 1
     37a:	0c 94 a3 13 	jmp	0x2746	; 0x2746 <__prologue_saves__+0x18>
     37e:	69 83       	std	Y+1, r22	; 0x01
     380:	7a 83       	std	Y+2, r23	; 0x02
     382:	8b 83       	std	Y+3, r24	; 0x03
     384:	9c 83       	std	Y+4, r25	; 0x04
     386:	2d 83       	std	Y+5, r18	; 0x05
     388:	3e 83       	std	Y+6, r19	; 0x06
     38a:	4f 83       	std	Y+7, r20	; 0x07
     38c:	58 87       	std	Y+8, r21	; 0x08
     38e:	e9 e0       	ldi	r30, 0x09	; 9
     390:	ee 2e       	mov	r14, r30
     392:	f1 2c       	mov	r15, r1
     394:	ec 0e       	add	r14, r28
     396:	fd 1e       	adc	r15, r29
     398:	ce 01       	movw	r24, r28
     39a:	01 96       	adiw	r24, 0x01	; 1
     39c:	b7 01       	movw	r22, r14
     39e:	0e 94 23 06 	call	0xc46	; 0xc46 <__unpack_f>
     3a2:	8e 01       	movw	r16, r28
     3a4:	0f 5e       	subi	r16, 0xEF	; 239
     3a6:	1f 4f       	sbci	r17, 0xFF	; 255
     3a8:	ce 01       	movw	r24, r28
     3aa:	05 96       	adiw	r24, 0x05	; 5
     3ac:	b8 01       	movw	r22, r16
     3ae:	0e 94 23 06 	call	0xc46	; 0xc46 <__unpack_f>
     3b2:	8a 89       	ldd	r24, Y+18	; 0x12
     3b4:	91 e0       	ldi	r25, 0x01	; 1
     3b6:	89 27       	eor	r24, r25
     3b8:	8a 8b       	std	Y+18, r24	; 0x12
     3ba:	c7 01       	movw	r24, r14
     3bc:	b8 01       	movw	r22, r16
     3be:	ae 01       	movw	r20, r28
     3c0:	47 5e       	subi	r20, 0xE7	; 231
     3c2:	5f 4f       	sbci	r21, 0xFF	; 255
     3c4:	0e 94 6d 00 	call	0xda	; 0xda <_fpadd_parts>
     3c8:	0e 94 4e 05 	call	0xa9c	; 0xa9c <__pack_f>
     3cc:	a0 96       	adiw	r28, 0x20	; 32
     3ce:	e6 e0       	ldi	r30, 0x06	; 6
     3d0:	0c 94 bf 13 	jmp	0x277e	; 0x277e <__epilogue_restores__+0x18>

000003d4 <__addsf3>:
     3d4:	a0 e2       	ldi	r26, 0x20	; 32
     3d6:	b0 e0       	ldi	r27, 0x00	; 0
     3d8:	e0 ef       	ldi	r30, 0xF0	; 240
     3da:	f1 e0       	ldi	r31, 0x01	; 1
     3dc:	0c 94 a3 13 	jmp	0x2746	; 0x2746 <__prologue_saves__+0x18>
     3e0:	69 83       	std	Y+1, r22	; 0x01
     3e2:	7a 83       	std	Y+2, r23	; 0x02
     3e4:	8b 83       	std	Y+3, r24	; 0x03
     3e6:	9c 83       	std	Y+4, r25	; 0x04
     3e8:	2d 83       	std	Y+5, r18	; 0x05
     3ea:	3e 83       	std	Y+6, r19	; 0x06
     3ec:	4f 83       	std	Y+7, r20	; 0x07
     3ee:	58 87       	std	Y+8, r21	; 0x08
     3f0:	f9 e0       	ldi	r31, 0x09	; 9
     3f2:	ef 2e       	mov	r14, r31
     3f4:	f1 2c       	mov	r15, r1
     3f6:	ec 0e       	add	r14, r28
     3f8:	fd 1e       	adc	r15, r29
     3fa:	ce 01       	movw	r24, r28
     3fc:	01 96       	adiw	r24, 0x01	; 1
     3fe:	b7 01       	movw	r22, r14
     400:	0e 94 23 06 	call	0xc46	; 0xc46 <__unpack_f>
     404:	8e 01       	movw	r16, r28
     406:	0f 5e       	subi	r16, 0xEF	; 239
     408:	1f 4f       	sbci	r17, 0xFF	; 255
     40a:	ce 01       	movw	r24, r28
     40c:	05 96       	adiw	r24, 0x05	; 5
     40e:	b8 01       	movw	r22, r16
     410:	0e 94 23 06 	call	0xc46	; 0xc46 <__unpack_f>
     414:	c7 01       	movw	r24, r14
     416:	b8 01       	movw	r22, r16
     418:	ae 01       	movw	r20, r28
     41a:	47 5e       	subi	r20, 0xE7	; 231
     41c:	5f 4f       	sbci	r21, 0xFF	; 255
     41e:	0e 94 6d 00 	call	0xda	; 0xda <_fpadd_parts>
     422:	0e 94 4e 05 	call	0xa9c	; 0xa9c <__pack_f>
     426:	a0 96       	adiw	r28, 0x20	; 32
     428:	e6 e0       	ldi	r30, 0x06	; 6
     42a:	0c 94 bf 13 	jmp	0x277e	; 0x277e <__epilogue_restores__+0x18>

0000042e <__mulsf3>:
     42e:	a0 e2       	ldi	r26, 0x20	; 32
     430:	b0 e0       	ldi	r27, 0x00	; 0
     432:	ed e1       	ldi	r30, 0x1D	; 29
     434:	f2 e0       	ldi	r31, 0x02	; 2
     436:	0c 94 97 13 	jmp	0x272e	; 0x272e <__prologue_saves__>
     43a:	69 83       	std	Y+1, r22	; 0x01
     43c:	7a 83       	std	Y+2, r23	; 0x02
     43e:	8b 83       	std	Y+3, r24	; 0x03
     440:	9c 83       	std	Y+4, r25	; 0x04
     442:	2d 83       	std	Y+5, r18	; 0x05
     444:	3e 83       	std	Y+6, r19	; 0x06
     446:	4f 83       	std	Y+7, r20	; 0x07
     448:	58 87       	std	Y+8, r21	; 0x08
     44a:	ce 01       	movw	r24, r28
     44c:	01 96       	adiw	r24, 0x01	; 1
     44e:	be 01       	movw	r22, r28
     450:	67 5f       	subi	r22, 0xF7	; 247
     452:	7f 4f       	sbci	r23, 0xFF	; 255
     454:	0e 94 23 06 	call	0xc46	; 0xc46 <__unpack_f>
     458:	ce 01       	movw	r24, r28
     45a:	05 96       	adiw	r24, 0x05	; 5
     45c:	be 01       	movw	r22, r28
     45e:	6f 5e       	subi	r22, 0xEF	; 239
     460:	7f 4f       	sbci	r23, 0xFF	; 255
     462:	0e 94 23 06 	call	0xc46	; 0xc46 <__unpack_f>
     466:	99 85       	ldd	r25, Y+9	; 0x09
     468:	92 30       	cpi	r25, 0x02	; 2
     46a:	88 f0       	brcs	.+34     	; 0x48e <__stack+0x2f>
     46c:	89 89       	ldd	r24, Y+17	; 0x11
     46e:	82 30       	cpi	r24, 0x02	; 2
     470:	c8 f0       	brcs	.+50     	; 0x4a4 <__stack+0x45>
     472:	94 30       	cpi	r25, 0x04	; 4
     474:	19 f4       	brne	.+6      	; 0x47c <__stack+0x1d>
     476:	82 30       	cpi	r24, 0x02	; 2
     478:	51 f4       	brne	.+20     	; 0x48e <__stack+0x2f>
     47a:	04 c0       	rjmp	.+8      	; 0x484 <__stack+0x25>
     47c:	84 30       	cpi	r24, 0x04	; 4
     47e:	29 f4       	brne	.+10     	; 0x48a <__stack+0x2b>
     480:	92 30       	cpi	r25, 0x02	; 2
     482:	81 f4       	brne	.+32     	; 0x4a4 <__stack+0x45>
     484:	80 e6       	ldi	r24, 0x60	; 96
     486:	90 e0       	ldi	r25, 0x00	; 0
     488:	c6 c0       	rjmp	.+396    	; 0x616 <__stack+0x1b7>
     48a:	92 30       	cpi	r25, 0x02	; 2
     48c:	49 f4       	brne	.+18     	; 0x4a0 <__stack+0x41>
     48e:	20 e0       	ldi	r18, 0x00	; 0
     490:	9a 85       	ldd	r25, Y+10	; 0x0a
     492:	8a 89       	ldd	r24, Y+18	; 0x12
     494:	98 13       	cpse	r25, r24
     496:	21 e0       	ldi	r18, 0x01	; 1
     498:	2a 87       	std	Y+10, r18	; 0x0a
     49a:	ce 01       	movw	r24, r28
     49c:	09 96       	adiw	r24, 0x09	; 9
     49e:	bb c0       	rjmp	.+374    	; 0x616 <__stack+0x1b7>
     4a0:	82 30       	cpi	r24, 0x02	; 2
     4a2:	49 f4       	brne	.+18     	; 0x4b6 <__stack+0x57>
     4a4:	20 e0       	ldi	r18, 0x00	; 0
     4a6:	9a 85       	ldd	r25, Y+10	; 0x0a
     4a8:	8a 89       	ldd	r24, Y+18	; 0x12
     4aa:	98 13       	cpse	r25, r24
     4ac:	21 e0       	ldi	r18, 0x01	; 1
     4ae:	2a 8b       	std	Y+18, r18	; 0x12
     4b0:	ce 01       	movw	r24, r28
     4b2:	41 96       	adiw	r24, 0x11	; 17
     4b4:	b0 c0       	rjmp	.+352    	; 0x616 <__stack+0x1b7>
     4b6:	2d 84       	ldd	r2, Y+13	; 0x0d
     4b8:	3e 84       	ldd	r3, Y+14	; 0x0e
     4ba:	4f 84       	ldd	r4, Y+15	; 0x0f
     4bc:	58 88       	ldd	r5, Y+16	; 0x10
     4be:	6d 88       	ldd	r6, Y+21	; 0x15
     4c0:	7e 88       	ldd	r7, Y+22	; 0x16
     4c2:	8f 88       	ldd	r8, Y+23	; 0x17
     4c4:	98 8c       	ldd	r9, Y+24	; 0x18
     4c6:	ee 24       	eor	r14, r14
     4c8:	ff 24       	eor	r15, r15
     4ca:	87 01       	movw	r16, r14
     4cc:	aa 24       	eor	r10, r10
     4ce:	bb 24       	eor	r11, r11
     4d0:	65 01       	movw	r12, r10
     4d2:	40 e0       	ldi	r20, 0x00	; 0
     4d4:	50 e0       	ldi	r21, 0x00	; 0
     4d6:	60 e0       	ldi	r22, 0x00	; 0
     4d8:	70 e0       	ldi	r23, 0x00	; 0
     4da:	e0 e0       	ldi	r30, 0x00	; 0
     4dc:	f0 e0       	ldi	r31, 0x00	; 0
     4de:	c1 01       	movw	r24, r2
     4e0:	81 70       	andi	r24, 0x01	; 1
     4e2:	90 70       	andi	r25, 0x00	; 0
     4e4:	89 2b       	or	r24, r25
     4e6:	e9 f0       	breq	.+58     	; 0x522 <__stack+0xc3>
     4e8:	e6 0c       	add	r14, r6
     4ea:	f7 1c       	adc	r15, r7
     4ec:	08 1d       	adc	r16, r8
     4ee:	19 1d       	adc	r17, r9
     4f0:	9a 01       	movw	r18, r20
     4f2:	ab 01       	movw	r20, r22
     4f4:	2a 0d       	add	r18, r10
     4f6:	3b 1d       	adc	r19, r11
     4f8:	4c 1d       	adc	r20, r12
     4fa:	5d 1d       	adc	r21, r13
     4fc:	80 e0       	ldi	r24, 0x00	; 0
     4fe:	90 e0       	ldi	r25, 0x00	; 0
     500:	a0 e0       	ldi	r26, 0x00	; 0
     502:	b0 e0       	ldi	r27, 0x00	; 0
     504:	e6 14       	cp	r14, r6
     506:	f7 04       	cpc	r15, r7
     508:	08 05       	cpc	r16, r8
     50a:	19 05       	cpc	r17, r9
     50c:	20 f4       	brcc	.+8      	; 0x516 <__stack+0xb7>
     50e:	81 e0       	ldi	r24, 0x01	; 1
     510:	90 e0       	ldi	r25, 0x00	; 0
     512:	a0 e0       	ldi	r26, 0x00	; 0
     514:	b0 e0       	ldi	r27, 0x00	; 0
     516:	ba 01       	movw	r22, r20
     518:	a9 01       	movw	r20, r18
     51a:	48 0f       	add	r20, r24
     51c:	59 1f       	adc	r21, r25
     51e:	6a 1f       	adc	r22, r26
     520:	7b 1f       	adc	r23, r27
     522:	aa 0c       	add	r10, r10
     524:	bb 1c       	adc	r11, r11
     526:	cc 1c       	adc	r12, r12
     528:	dd 1c       	adc	r13, r13
     52a:	97 fe       	sbrs	r9, 7
     52c:	08 c0       	rjmp	.+16     	; 0x53e <__stack+0xdf>
     52e:	81 e0       	ldi	r24, 0x01	; 1
     530:	90 e0       	ldi	r25, 0x00	; 0
     532:	a0 e0       	ldi	r26, 0x00	; 0
     534:	b0 e0       	ldi	r27, 0x00	; 0
     536:	a8 2a       	or	r10, r24
     538:	b9 2a       	or	r11, r25
     53a:	ca 2a       	or	r12, r26
     53c:	db 2a       	or	r13, r27
     53e:	31 96       	adiw	r30, 0x01	; 1
     540:	e0 32       	cpi	r30, 0x20	; 32
     542:	f1 05       	cpc	r31, r1
     544:	49 f0       	breq	.+18     	; 0x558 <__stack+0xf9>
     546:	66 0c       	add	r6, r6
     548:	77 1c       	adc	r7, r7
     54a:	88 1c       	adc	r8, r8
     54c:	99 1c       	adc	r9, r9
     54e:	56 94       	lsr	r5
     550:	47 94       	ror	r4
     552:	37 94       	ror	r3
     554:	27 94       	ror	r2
     556:	c3 cf       	rjmp	.-122    	; 0x4de <__stack+0x7f>
     558:	fa 85       	ldd	r31, Y+10	; 0x0a
     55a:	ea 89       	ldd	r30, Y+18	; 0x12
     55c:	2b 89       	ldd	r18, Y+19	; 0x13
     55e:	3c 89       	ldd	r19, Y+20	; 0x14
     560:	8b 85       	ldd	r24, Y+11	; 0x0b
     562:	9c 85       	ldd	r25, Y+12	; 0x0c
     564:	28 0f       	add	r18, r24
     566:	39 1f       	adc	r19, r25
     568:	2e 5f       	subi	r18, 0xFE	; 254
     56a:	3f 4f       	sbci	r19, 0xFF	; 255
     56c:	17 c0       	rjmp	.+46     	; 0x59c <__stack+0x13d>
     56e:	ca 01       	movw	r24, r20
     570:	81 70       	andi	r24, 0x01	; 1
     572:	90 70       	andi	r25, 0x00	; 0
     574:	89 2b       	or	r24, r25
     576:	61 f0       	breq	.+24     	; 0x590 <__stack+0x131>
     578:	16 95       	lsr	r17
     57a:	07 95       	ror	r16
     57c:	f7 94       	ror	r15
     57e:	e7 94       	ror	r14
     580:	80 e0       	ldi	r24, 0x00	; 0
     582:	90 e0       	ldi	r25, 0x00	; 0
     584:	a0 e0       	ldi	r26, 0x00	; 0
     586:	b0 e8       	ldi	r27, 0x80	; 128
     588:	e8 2a       	or	r14, r24
     58a:	f9 2a       	or	r15, r25
     58c:	0a 2b       	or	r16, r26
     58e:	1b 2b       	or	r17, r27
     590:	76 95       	lsr	r23
     592:	67 95       	ror	r22
     594:	57 95       	ror	r21
     596:	47 95       	ror	r20
     598:	2f 5f       	subi	r18, 0xFF	; 255
     59a:	3f 4f       	sbci	r19, 0xFF	; 255
     59c:	77 fd       	sbrc	r23, 7
     59e:	e7 cf       	rjmp	.-50     	; 0x56e <__stack+0x10f>
     5a0:	0c c0       	rjmp	.+24     	; 0x5ba <__stack+0x15b>
     5a2:	44 0f       	add	r20, r20
     5a4:	55 1f       	adc	r21, r21
     5a6:	66 1f       	adc	r22, r22
     5a8:	77 1f       	adc	r23, r23
     5aa:	17 fd       	sbrc	r17, 7
     5ac:	41 60       	ori	r20, 0x01	; 1
     5ae:	ee 0c       	add	r14, r14
     5b0:	ff 1c       	adc	r15, r15
     5b2:	00 1f       	adc	r16, r16
     5b4:	11 1f       	adc	r17, r17
     5b6:	21 50       	subi	r18, 0x01	; 1
     5b8:	30 40       	sbci	r19, 0x00	; 0
     5ba:	40 30       	cpi	r20, 0x00	; 0
     5bc:	90 e0       	ldi	r25, 0x00	; 0
     5be:	59 07       	cpc	r21, r25
     5c0:	90 e0       	ldi	r25, 0x00	; 0
     5c2:	69 07       	cpc	r22, r25
     5c4:	90 e4       	ldi	r25, 0x40	; 64
     5c6:	79 07       	cpc	r23, r25
     5c8:	60 f3       	brcs	.-40     	; 0x5a2 <__stack+0x143>
     5ca:	2b 8f       	std	Y+27, r18	; 0x1b
     5cc:	3c 8f       	std	Y+28, r19	; 0x1c
     5ce:	db 01       	movw	r26, r22
     5d0:	ca 01       	movw	r24, r20
     5d2:	8f 77       	andi	r24, 0x7F	; 127
     5d4:	90 70       	andi	r25, 0x00	; 0
     5d6:	a0 70       	andi	r26, 0x00	; 0
     5d8:	b0 70       	andi	r27, 0x00	; 0
     5da:	80 34       	cpi	r24, 0x40	; 64
     5dc:	91 05       	cpc	r25, r1
     5de:	a1 05       	cpc	r26, r1
     5e0:	b1 05       	cpc	r27, r1
     5e2:	61 f4       	brne	.+24     	; 0x5fc <__stack+0x19d>
     5e4:	47 fd       	sbrc	r20, 7
     5e6:	0a c0       	rjmp	.+20     	; 0x5fc <__stack+0x19d>
     5e8:	e1 14       	cp	r14, r1
     5ea:	f1 04       	cpc	r15, r1
     5ec:	01 05       	cpc	r16, r1
     5ee:	11 05       	cpc	r17, r1
     5f0:	29 f0       	breq	.+10     	; 0x5fc <__stack+0x19d>
     5f2:	40 5c       	subi	r20, 0xC0	; 192
     5f4:	5f 4f       	sbci	r21, 0xFF	; 255
     5f6:	6f 4f       	sbci	r22, 0xFF	; 255
     5f8:	7f 4f       	sbci	r23, 0xFF	; 255
     5fa:	40 78       	andi	r20, 0x80	; 128
     5fc:	1a 8e       	std	Y+26, r1	; 0x1a
     5fe:	fe 17       	cp	r31, r30
     600:	11 f0       	breq	.+4      	; 0x606 <__stack+0x1a7>
     602:	81 e0       	ldi	r24, 0x01	; 1
     604:	8a 8f       	std	Y+26, r24	; 0x1a
     606:	4d 8f       	std	Y+29, r20	; 0x1d
     608:	5e 8f       	std	Y+30, r21	; 0x1e
     60a:	6f 8f       	std	Y+31, r22	; 0x1f
     60c:	78 a3       	std	Y+32, r23	; 0x20
     60e:	83 e0       	ldi	r24, 0x03	; 3
     610:	89 8f       	std	Y+25, r24	; 0x19
     612:	ce 01       	movw	r24, r28
     614:	49 96       	adiw	r24, 0x19	; 25
     616:	0e 94 4e 05 	call	0xa9c	; 0xa9c <__pack_f>
     61a:	a0 96       	adiw	r28, 0x20	; 32
     61c:	e2 e1       	ldi	r30, 0x12	; 18
     61e:	0c 94 b3 13 	jmp	0x2766	; 0x2766 <__epilogue_restores__>

00000622 <__divsf3>:
     622:	a8 e1       	ldi	r26, 0x18	; 24
     624:	b0 e0       	ldi	r27, 0x00	; 0
     626:	e7 e1       	ldi	r30, 0x17	; 23
     628:	f3 e0       	ldi	r31, 0x03	; 3
     62a:	0c 94 9f 13 	jmp	0x273e	; 0x273e <__prologue_saves__+0x10>
     62e:	69 83       	std	Y+1, r22	; 0x01
     630:	7a 83       	std	Y+2, r23	; 0x02
     632:	8b 83       	std	Y+3, r24	; 0x03
     634:	9c 83       	std	Y+4, r25	; 0x04
     636:	2d 83       	std	Y+5, r18	; 0x05
     638:	3e 83       	std	Y+6, r19	; 0x06
     63a:	4f 83       	std	Y+7, r20	; 0x07
     63c:	58 87       	std	Y+8, r21	; 0x08
     63e:	b9 e0       	ldi	r27, 0x09	; 9
     640:	eb 2e       	mov	r14, r27
     642:	f1 2c       	mov	r15, r1
     644:	ec 0e       	add	r14, r28
     646:	fd 1e       	adc	r15, r29
     648:	ce 01       	movw	r24, r28
     64a:	01 96       	adiw	r24, 0x01	; 1
     64c:	b7 01       	movw	r22, r14
     64e:	0e 94 23 06 	call	0xc46	; 0xc46 <__unpack_f>
     652:	8e 01       	movw	r16, r28
     654:	0f 5e       	subi	r16, 0xEF	; 239
     656:	1f 4f       	sbci	r17, 0xFF	; 255
     658:	ce 01       	movw	r24, r28
     65a:	05 96       	adiw	r24, 0x05	; 5
     65c:	b8 01       	movw	r22, r16
     65e:	0e 94 23 06 	call	0xc46	; 0xc46 <__unpack_f>
     662:	29 85       	ldd	r18, Y+9	; 0x09
     664:	22 30       	cpi	r18, 0x02	; 2
     666:	08 f4       	brcc	.+2      	; 0x66a <__divsf3+0x48>
     668:	7e c0       	rjmp	.+252    	; 0x766 <__divsf3+0x144>
     66a:	39 89       	ldd	r19, Y+17	; 0x11
     66c:	32 30       	cpi	r19, 0x02	; 2
     66e:	10 f4       	brcc	.+4      	; 0x674 <__divsf3+0x52>
     670:	b8 01       	movw	r22, r16
     672:	7c c0       	rjmp	.+248    	; 0x76c <__divsf3+0x14a>
     674:	8a 85       	ldd	r24, Y+10	; 0x0a
     676:	9a 89       	ldd	r25, Y+18	; 0x12
     678:	89 27       	eor	r24, r25
     67a:	8a 87       	std	Y+10, r24	; 0x0a
     67c:	24 30       	cpi	r18, 0x04	; 4
     67e:	11 f0       	breq	.+4      	; 0x684 <__divsf3+0x62>
     680:	22 30       	cpi	r18, 0x02	; 2
     682:	31 f4       	brne	.+12     	; 0x690 <__divsf3+0x6e>
     684:	23 17       	cp	r18, r19
     686:	09 f0       	breq	.+2      	; 0x68a <__divsf3+0x68>
     688:	6e c0       	rjmp	.+220    	; 0x766 <__divsf3+0x144>
     68a:	60 e6       	ldi	r22, 0x60	; 96
     68c:	70 e0       	ldi	r23, 0x00	; 0
     68e:	6e c0       	rjmp	.+220    	; 0x76c <__divsf3+0x14a>
     690:	34 30       	cpi	r19, 0x04	; 4
     692:	39 f4       	brne	.+14     	; 0x6a2 <__divsf3+0x80>
     694:	1d 86       	std	Y+13, r1	; 0x0d
     696:	1e 86       	std	Y+14, r1	; 0x0e
     698:	1f 86       	std	Y+15, r1	; 0x0f
     69a:	18 8a       	std	Y+16, r1	; 0x10
     69c:	1c 86       	std	Y+12, r1	; 0x0c
     69e:	1b 86       	std	Y+11, r1	; 0x0b
     6a0:	04 c0       	rjmp	.+8      	; 0x6aa <__divsf3+0x88>
     6a2:	32 30       	cpi	r19, 0x02	; 2
     6a4:	21 f4       	brne	.+8      	; 0x6ae <__divsf3+0x8c>
     6a6:	84 e0       	ldi	r24, 0x04	; 4
     6a8:	89 87       	std	Y+9, r24	; 0x09
     6aa:	b7 01       	movw	r22, r14
     6ac:	5f c0       	rjmp	.+190    	; 0x76c <__divsf3+0x14a>
     6ae:	2b 85       	ldd	r18, Y+11	; 0x0b
     6b0:	3c 85       	ldd	r19, Y+12	; 0x0c
     6b2:	8b 89       	ldd	r24, Y+19	; 0x13
     6b4:	9c 89       	ldd	r25, Y+20	; 0x14
     6b6:	28 1b       	sub	r18, r24
     6b8:	39 0b       	sbc	r19, r25
     6ba:	3c 87       	std	Y+12, r19	; 0x0c
     6bc:	2b 87       	std	Y+11, r18	; 0x0b
     6be:	ed 84       	ldd	r14, Y+13	; 0x0d
     6c0:	fe 84       	ldd	r15, Y+14	; 0x0e
     6c2:	0f 85       	ldd	r16, Y+15	; 0x0f
     6c4:	18 89       	ldd	r17, Y+16	; 0x10
     6c6:	ad 88       	ldd	r10, Y+21	; 0x15
     6c8:	be 88       	ldd	r11, Y+22	; 0x16
     6ca:	cf 88       	ldd	r12, Y+23	; 0x17
     6cc:	d8 8c       	ldd	r13, Y+24	; 0x18
     6ce:	ea 14       	cp	r14, r10
     6d0:	fb 04       	cpc	r15, r11
     6d2:	0c 05       	cpc	r16, r12
     6d4:	1d 05       	cpc	r17, r13
     6d6:	40 f4       	brcc	.+16     	; 0x6e8 <__divsf3+0xc6>
     6d8:	ee 0c       	add	r14, r14
     6da:	ff 1c       	adc	r15, r15
     6dc:	00 1f       	adc	r16, r16
     6de:	11 1f       	adc	r17, r17
     6e0:	21 50       	subi	r18, 0x01	; 1
     6e2:	30 40       	sbci	r19, 0x00	; 0
     6e4:	3c 87       	std	Y+12, r19	; 0x0c
     6e6:	2b 87       	std	Y+11, r18	; 0x0b
     6e8:	20 e0       	ldi	r18, 0x00	; 0
     6ea:	30 e0       	ldi	r19, 0x00	; 0
     6ec:	40 e0       	ldi	r20, 0x00	; 0
     6ee:	50 e0       	ldi	r21, 0x00	; 0
     6f0:	80 e0       	ldi	r24, 0x00	; 0
     6f2:	90 e0       	ldi	r25, 0x00	; 0
     6f4:	a0 e0       	ldi	r26, 0x00	; 0
     6f6:	b0 e4       	ldi	r27, 0x40	; 64
     6f8:	60 e0       	ldi	r22, 0x00	; 0
     6fa:	70 e0       	ldi	r23, 0x00	; 0
     6fc:	ea 14       	cp	r14, r10
     6fe:	fb 04       	cpc	r15, r11
     700:	0c 05       	cpc	r16, r12
     702:	1d 05       	cpc	r17, r13
     704:	40 f0       	brcs	.+16     	; 0x716 <__divsf3+0xf4>
     706:	28 2b       	or	r18, r24
     708:	39 2b       	or	r19, r25
     70a:	4a 2b       	or	r20, r26
     70c:	5b 2b       	or	r21, r27
     70e:	ea 18       	sub	r14, r10
     710:	fb 08       	sbc	r15, r11
     712:	0c 09       	sbc	r16, r12
     714:	1d 09       	sbc	r17, r13
     716:	b6 95       	lsr	r27
     718:	a7 95       	ror	r26
     71a:	97 95       	ror	r25
     71c:	87 95       	ror	r24
     71e:	ee 0c       	add	r14, r14
     720:	ff 1c       	adc	r15, r15
     722:	00 1f       	adc	r16, r16
     724:	11 1f       	adc	r17, r17
     726:	6f 5f       	subi	r22, 0xFF	; 255
     728:	7f 4f       	sbci	r23, 0xFF	; 255
     72a:	6f 31       	cpi	r22, 0x1F	; 31
     72c:	71 05       	cpc	r23, r1
     72e:	31 f7       	brne	.-52     	; 0x6fc <__divsf3+0xda>
     730:	da 01       	movw	r26, r20
     732:	c9 01       	movw	r24, r18
     734:	8f 77       	andi	r24, 0x7F	; 127
     736:	90 70       	andi	r25, 0x00	; 0
     738:	a0 70       	andi	r26, 0x00	; 0
     73a:	b0 70       	andi	r27, 0x00	; 0
     73c:	80 34       	cpi	r24, 0x40	; 64
     73e:	91 05       	cpc	r25, r1
     740:	a1 05       	cpc	r26, r1
     742:	b1 05       	cpc	r27, r1
     744:	61 f4       	brne	.+24     	; 0x75e <__divsf3+0x13c>
     746:	27 fd       	sbrc	r18, 7
     748:	0a c0       	rjmp	.+20     	; 0x75e <__divsf3+0x13c>
     74a:	e1 14       	cp	r14, r1
     74c:	f1 04       	cpc	r15, r1
     74e:	01 05       	cpc	r16, r1
     750:	11 05       	cpc	r17, r1
     752:	29 f0       	breq	.+10     	; 0x75e <__divsf3+0x13c>
     754:	20 5c       	subi	r18, 0xC0	; 192
     756:	3f 4f       	sbci	r19, 0xFF	; 255
     758:	4f 4f       	sbci	r20, 0xFF	; 255
     75a:	5f 4f       	sbci	r21, 0xFF	; 255
     75c:	20 78       	andi	r18, 0x80	; 128
     75e:	2d 87       	std	Y+13, r18	; 0x0d
     760:	3e 87       	std	Y+14, r19	; 0x0e
     762:	4f 87       	std	Y+15, r20	; 0x0f
     764:	58 8b       	std	Y+16, r21	; 0x10
     766:	be 01       	movw	r22, r28
     768:	67 5f       	subi	r22, 0xF7	; 247
     76a:	7f 4f       	sbci	r23, 0xFF	; 255
     76c:	cb 01       	movw	r24, r22
     76e:	0e 94 4e 05 	call	0xa9c	; 0xa9c <__pack_f>
     772:	68 96       	adiw	r28, 0x18	; 24
     774:	ea e0       	ldi	r30, 0x0A	; 10
     776:	0c 94 bb 13 	jmp	0x2776	; 0x2776 <__epilogue_restores__+0x10>

0000077a <__gtsf2>:
     77a:	a8 e1       	ldi	r26, 0x18	; 24
     77c:	b0 e0       	ldi	r27, 0x00	; 0
     77e:	e3 ec       	ldi	r30, 0xC3	; 195
     780:	f3 e0       	ldi	r31, 0x03	; 3
     782:	0c 94 a3 13 	jmp	0x2746	; 0x2746 <__prologue_saves__+0x18>
     786:	69 83       	std	Y+1, r22	; 0x01
     788:	7a 83       	std	Y+2, r23	; 0x02
     78a:	8b 83       	std	Y+3, r24	; 0x03
     78c:	9c 83       	std	Y+4, r25	; 0x04
     78e:	2d 83       	std	Y+5, r18	; 0x05
     790:	3e 83       	std	Y+6, r19	; 0x06
     792:	4f 83       	std	Y+7, r20	; 0x07
     794:	58 87       	std	Y+8, r21	; 0x08
     796:	89 e0       	ldi	r24, 0x09	; 9
     798:	e8 2e       	mov	r14, r24
     79a:	f1 2c       	mov	r15, r1
     79c:	ec 0e       	add	r14, r28
     79e:	fd 1e       	adc	r15, r29
     7a0:	ce 01       	movw	r24, r28
     7a2:	01 96       	adiw	r24, 0x01	; 1
     7a4:	b7 01       	movw	r22, r14
     7a6:	0e 94 23 06 	call	0xc46	; 0xc46 <__unpack_f>
     7aa:	8e 01       	movw	r16, r28
     7ac:	0f 5e       	subi	r16, 0xEF	; 239
     7ae:	1f 4f       	sbci	r17, 0xFF	; 255
     7b0:	ce 01       	movw	r24, r28
     7b2:	05 96       	adiw	r24, 0x05	; 5
     7b4:	b8 01       	movw	r22, r16
     7b6:	0e 94 23 06 	call	0xc46	; 0xc46 <__unpack_f>
     7ba:	89 85       	ldd	r24, Y+9	; 0x09
     7bc:	82 30       	cpi	r24, 0x02	; 2
     7be:	40 f0       	brcs	.+16     	; 0x7d0 <__gtsf2+0x56>
     7c0:	89 89       	ldd	r24, Y+17	; 0x11
     7c2:	82 30       	cpi	r24, 0x02	; 2
     7c4:	28 f0       	brcs	.+10     	; 0x7d0 <__gtsf2+0x56>
     7c6:	c7 01       	movw	r24, r14
     7c8:	b8 01       	movw	r22, r16
     7ca:	0e 94 9b 06 	call	0xd36	; 0xd36 <__fpcmp_parts_f>
     7ce:	01 c0       	rjmp	.+2      	; 0x7d2 <__gtsf2+0x58>
     7d0:	8f ef       	ldi	r24, 0xFF	; 255
     7d2:	68 96       	adiw	r28, 0x18	; 24
     7d4:	e6 e0       	ldi	r30, 0x06	; 6
     7d6:	0c 94 bf 13 	jmp	0x277e	; 0x277e <__epilogue_restores__+0x18>

000007da <__gesf2>:
     7da:	a8 e1       	ldi	r26, 0x18	; 24
     7dc:	b0 e0       	ldi	r27, 0x00	; 0
     7de:	e3 ef       	ldi	r30, 0xF3	; 243
     7e0:	f3 e0       	ldi	r31, 0x03	; 3
     7e2:	0c 94 a3 13 	jmp	0x2746	; 0x2746 <__prologue_saves__+0x18>
     7e6:	69 83       	std	Y+1, r22	; 0x01
     7e8:	7a 83       	std	Y+2, r23	; 0x02
     7ea:	8b 83       	std	Y+3, r24	; 0x03
     7ec:	9c 83       	std	Y+4, r25	; 0x04
     7ee:	2d 83       	std	Y+5, r18	; 0x05
     7f0:	3e 83       	std	Y+6, r19	; 0x06
     7f2:	4f 83       	std	Y+7, r20	; 0x07
     7f4:	58 87       	std	Y+8, r21	; 0x08
     7f6:	89 e0       	ldi	r24, 0x09	; 9
     7f8:	e8 2e       	mov	r14, r24
     7fa:	f1 2c       	mov	r15, r1
     7fc:	ec 0e       	add	r14, r28
     7fe:	fd 1e       	adc	r15, r29
     800:	ce 01       	movw	r24, r28
     802:	01 96       	adiw	r24, 0x01	; 1
     804:	b7 01       	movw	r22, r14
     806:	0e 94 23 06 	call	0xc46	; 0xc46 <__unpack_f>
     80a:	8e 01       	movw	r16, r28
     80c:	0f 5e       	subi	r16, 0xEF	; 239
     80e:	1f 4f       	sbci	r17, 0xFF	; 255
     810:	ce 01       	movw	r24, r28
     812:	05 96       	adiw	r24, 0x05	; 5
     814:	b8 01       	movw	r22, r16
     816:	0e 94 23 06 	call	0xc46	; 0xc46 <__unpack_f>
     81a:	89 85       	ldd	r24, Y+9	; 0x09
     81c:	82 30       	cpi	r24, 0x02	; 2
     81e:	40 f0       	brcs	.+16     	; 0x830 <__gesf2+0x56>
     820:	89 89       	ldd	r24, Y+17	; 0x11
     822:	82 30       	cpi	r24, 0x02	; 2
     824:	28 f0       	brcs	.+10     	; 0x830 <__gesf2+0x56>
     826:	c7 01       	movw	r24, r14
     828:	b8 01       	movw	r22, r16
     82a:	0e 94 9b 06 	call	0xd36	; 0xd36 <__fpcmp_parts_f>
     82e:	01 c0       	rjmp	.+2      	; 0x832 <__gesf2+0x58>
     830:	8f ef       	ldi	r24, 0xFF	; 255
     832:	68 96       	adiw	r28, 0x18	; 24
     834:	e6 e0       	ldi	r30, 0x06	; 6
     836:	0c 94 bf 13 	jmp	0x277e	; 0x277e <__epilogue_restores__+0x18>

0000083a <__ltsf2>:
     83a:	a8 e1       	ldi	r26, 0x18	; 24
     83c:	b0 e0       	ldi	r27, 0x00	; 0
     83e:	e3 e2       	ldi	r30, 0x23	; 35
     840:	f4 e0       	ldi	r31, 0x04	; 4
     842:	0c 94 a3 13 	jmp	0x2746	; 0x2746 <__prologue_saves__+0x18>
     846:	69 83       	std	Y+1, r22	; 0x01
     848:	7a 83       	std	Y+2, r23	; 0x02
     84a:	8b 83       	std	Y+3, r24	; 0x03
     84c:	9c 83       	std	Y+4, r25	; 0x04
     84e:	2d 83       	std	Y+5, r18	; 0x05
     850:	3e 83       	std	Y+6, r19	; 0x06
     852:	4f 83       	std	Y+7, r20	; 0x07
     854:	58 87       	std	Y+8, r21	; 0x08
     856:	89 e0       	ldi	r24, 0x09	; 9
     858:	e8 2e       	mov	r14, r24
     85a:	f1 2c       	mov	r15, r1
     85c:	ec 0e       	add	r14, r28
     85e:	fd 1e       	adc	r15, r29
     860:	ce 01       	movw	r24, r28
     862:	01 96       	adiw	r24, 0x01	; 1
     864:	b7 01       	movw	r22, r14
     866:	0e 94 23 06 	call	0xc46	; 0xc46 <__unpack_f>
     86a:	8e 01       	movw	r16, r28
     86c:	0f 5e       	subi	r16, 0xEF	; 239
     86e:	1f 4f       	sbci	r17, 0xFF	; 255
     870:	ce 01       	movw	r24, r28
     872:	05 96       	adiw	r24, 0x05	; 5
     874:	b8 01       	movw	r22, r16
     876:	0e 94 23 06 	call	0xc46	; 0xc46 <__unpack_f>
     87a:	89 85       	ldd	r24, Y+9	; 0x09
     87c:	82 30       	cpi	r24, 0x02	; 2
     87e:	40 f0       	brcs	.+16     	; 0x890 <__ltsf2+0x56>
     880:	89 89       	ldd	r24, Y+17	; 0x11
     882:	82 30       	cpi	r24, 0x02	; 2
     884:	28 f0       	brcs	.+10     	; 0x890 <__ltsf2+0x56>
     886:	c7 01       	movw	r24, r14
     888:	b8 01       	movw	r22, r16
     88a:	0e 94 9b 06 	call	0xd36	; 0xd36 <__fpcmp_parts_f>
     88e:	01 c0       	rjmp	.+2      	; 0x892 <__ltsf2+0x58>
     890:	81 e0       	ldi	r24, 0x01	; 1
     892:	68 96       	adiw	r28, 0x18	; 24
     894:	e6 e0       	ldi	r30, 0x06	; 6
     896:	0c 94 bf 13 	jmp	0x277e	; 0x277e <__epilogue_restores__+0x18>

0000089a <__floatsisf>:
     89a:	a8 e0       	ldi	r26, 0x08	; 8
     89c:	b0 e0       	ldi	r27, 0x00	; 0
     89e:	e3 e5       	ldi	r30, 0x53	; 83
     8a0:	f4 e0       	ldi	r31, 0x04	; 4
     8a2:	0c 94 a0 13 	jmp	0x2740	; 0x2740 <__prologue_saves__+0x12>
     8a6:	9b 01       	movw	r18, r22
     8a8:	ac 01       	movw	r20, r24
     8aa:	83 e0       	ldi	r24, 0x03	; 3
     8ac:	89 83       	std	Y+1, r24	; 0x01
     8ae:	da 01       	movw	r26, r20
     8b0:	c9 01       	movw	r24, r18
     8b2:	88 27       	eor	r24, r24
     8b4:	b7 fd       	sbrc	r27, 7
     8b6:	83 95       	inc	r24
     8b8:	99 27       	eor	r25, r25
     8ba:	aa 27       	eor	r26, r26
     8bc:	bb 27       	eor	r27, r27
     8be:	b8 2e       	mov	r11, r24
     8c0:	21 15       	cp	r18, r1
     8c2:	31 05       	cpc	r19, r1
     8c4:	41 05       	cpc	r20, r1
     8c6:	51 05       	cpc	r21, r1
     8c8:	19 f4       	brne	.+6      	; 0x8d0 <__floatsisf+0x36>
     8ca:	82 e0       	ldi	r24, 0x02	; 2
     8cc:	89 83       	std	Y+1, r24	; 0x01
     8ce:	3a c0       	rjmp	.+116    	; 0x944 <__floatsisf+0xaa>
     8d0:	88 23       	and	r24, r24
     8d2:	a9 f0       	breq	.+42     	; 0x8fe <__floatsisf+0x64>
     8d4:	20 30       	cpi	r18, 0x00	; 0
     8d6:	80 e0       	ldi	r24, 0x00	; 0
     8d8:	38 07       	cpc	r19, r24
     8da:	80 e0       	ldi	r24, 0x00	; 0
     8dc:	48 07       	cpc	r20, r24
     8de:	80 e8       	ldi	r24, 0x80	; 128
     8e0:	58 07       	cpc	r21, r24
     8e2:	29 f4       	brne	.+10     	; 0x8ee <__floatsisf+0x54>
     8e4:	60 e0       	ldi	r22, 0x00	; 0
     8e6:	70 e0       	ldi	r23, 0x00	; 0
     8e8:	80 e0       	ldi	r24, 0x00	; 0
     8ea:	9f ec       	ldi	r25, 0xCF	; 207
     8ec:	30 c0       	rjmp	.+96     	; 0x94e <__floatsisf+0xb4>
     8ee:	ee 24       	eor	r14, r14
     8f0:	ff 24       	eor	r15, r15
     8f2:	87 01       	movw	r16, r14
     8f4:	e2 1a       	sub	r14, r18
     8f6:	f3 0a       	sbc	r15, r19
     8f8:	04 0b       	sbc	r16, r20
     8fa:	15 0b       	sbc	r17, r21
     8fc:	02 c0       	rjmp	.+4      	; 0x902 <__floatsisf+0x68>
     8fe:	79 01       	movw	r14, r18
     900:	8a 01       	movw	r16, r20
     902:	8e e1       	ldi	r24, 0x1E	; 30
     904:	c8 2e       	mov	r12, r24
     906:	d1 2c       	mov	r13, r1
     908:	dc 82       	std	Y+4, r13	; 0x04
     90a:	cb 82       	std	Y+3, r12	; 0x03
     90c:	ed 82       	std	Y+5, r14	; 0x05
     90e:	fe 82       	std	Y+6, r15	; 0x06
     910:	0f 83       	std	Y+7, r16	; 0x07
     912:	18 87       	std	Y+8, r17	; 0x08
     914:	c8 01       	movw	r24, r16
     916:	b7 01       	movw	r22, r14
     918:	0e 94 ff 04 	call	0x9fe	; 0x9fe <__clzsi2>
     91c:	01 97       	sbiw	r24, 0x01	; 1
     91e:	18 16       	cp	r1, r24
     920:	19 06       	cpc	r1, r25
     922:	84 f4       	brge	.+32     	; 0x944 <__floatsisf+0xaa>
     924:	08 2e       	mov	r0, r24
     926:	04 c0       	rjmp	.+8      	; 0x930 <__floatsisf+0x96>
     928:	ee 0c       	add	r14, r14
     92a:	ff 1c       	adc	r15, r15
     92c:	00 1f       	adc	r16, r16
     92e:	11 1f       	adc	r17, r17
     930:	0a 94       	dec	r0
     932:	d2 f7       	brpl	.-12     	; 0x928 <__floatsisf+0x8e>
     934:	ed 82       	std	Y+5, r14	; 0x05
     936:	fe 82       	std	Y+6, r15	; 0x06
     938:	0f 83       	std	Y+7, r16	; 0x07
     93a:	18 87       	std	Y+8, r17	; 0x08
     93c:	c8 1a       	sub	r12, r24
     93e:	d9 0a       	sbc	r13, r25
     940:	dc 82       	std	Y+4, r13	; 0x04
     942:	cb 82       	std	Y+3, r12	; 0x03
     944:	ba 82       	std	Y+2, r11	; 0x02
     946:	ce 01       	movw	r24, r28
     948:	01 96       	adiw	r24, 0x01	; 1
     94a:	0e 94 4e 05 	call	0xa9c	; 0xa9c <__pack_f>
     94e:	28 96       	adiw	r28, 0x08	; 8
     950:	e9 e0       	ldi	r30, 0x09	; 9
     952:	0c 94 bc 13 	jmp	0x2778	; 0x2778 <__epilogue_restores__+0x12>

00000956 <__fixsfsi>:
     956:	ac e0       	ldi	r26, 0x0C	; 12
     958:	b0 e0       	ldi	r27, 0x00	; 0
     95a:	e1 eb       	ldi	r30, 0xB1	; 177
     95c:	f4 e0       	ldi	r31, 0x04	; 4
     95e:	0c 94 a7 13 	jmp	0x274e	; 0x274e <__prologue_saves__+0x20>
     962:	69 83       	std	Y+1, r22	; 0x01
     964:	7a 83       	std	Y+2, r23	; 0x02
     966:	8b 83       	std	Y+3, r24	; 0x03
     968:	9c 83       	std	Y+4, r25	; 0x04
     96a:	ce 01       	movw	r24, r28
     96c:	01 96       	adiw	r24, 0x01	; 1
     96e:	be 01       	movw	r22, r28
     970:	6b 5f       	subi	r22, 0xFB	; 251
     972:	7f 4f       	sbci	r23, 0xFF	; 255
     974:	0e 94 23 06 	call	0xc46	; 0xc46 <__unpack_f>
     978:	8d 81       	ldd	r24, Y+5	; 0x05
     97a:	82 30       	cpi	r24, 0x02	; 2
     97c:	61 f1       	breq	.+88     	; 0x9d6 <__fixsfsi+0x80>
     97e:	82 30       	cpi	r24, 0x02	; 2
     980:	50 f1       	brcs	.+84     	; 0x9d6 <__fixsfsi+0x80>
     982:	84 30       	cpi	r24, 0x04	; 4
     984:	21 f4       	brne	.+8      	; 0x98e <__fixsfsi+0x38>
     986:	8e 81       	ldd	r24, Y+6	; 0x06
     988:	88 23       	and	r24, r24
     98a:	51 f1       	breq	.+84     	; 0x9e0 <__fixsfsi+0x8a>
     98c:	2e c0       	rjmp	.+92     	; 0x9ea <__fixsfsi+0x94>
     98e:	2f 81       	ldd	r18, Y+7	; 0x07
     990:	38 85       	ldd	r19, Y+8	; 0x08
     992:	37 fd       	sbrc	r19, 7
     994:	20 c0       	rjmp	.+64     	; 0x9d6 <__fixsfsi+0x80>
     996:	6e 81       	ldd	r22, Y+6	; 0x06
     998:	2f 31       	cpi	r18, 0x1F	; 31
     99a:	31 05       	cpc	r19, r1
     99c:	1c f0       	brlt	.+6      	; 0x9a4 <__fixsfsi+0x4e>
     99e:	66 23       	and	r22, r22
     9a0:	f9 f0       	breq	.+62     	; 0x9e0 <__fixsfsi+0x8a>
     9a2:	23 c0       	rjmp	.+70     	; 0x9ea <__fixsfsi+0x94>
     9a4:	8e e1       	ldi	r24, 0x1E	; 30
     9a6:	90 e0       	ldi	r25, 0x00	; 0
     9a8:	82 1b       	sub	r24, r18
     9aa:	93 0b       	sbc	r25, r19
     9ac:	29 85       	ldd	r18, Y+9	; 0x09
     9ae:	3a 85       	ldd	r19, Y+10	; 0x0a
     9b0:	4b 85       	ldd	r20, Y+11	; 0x0b
     9b2:	5c 85       	ldd	r21, Y+12	; 0x0c
     9b4:	04 c0       	rjmp	.+8      	; 0x9be <__fixsfsi+0x68>
     9b6:	56 95       	lsr	r21
     9b8:	47 95       	ror	r20
     9ba:	37 95       	ror	r19
     9bc:	27 95       	ror	r18
     9be:	8a 95       	dec	r24
     9c0:	d2 f7       	brpl	.-12     	; 0x9b6 <__fixsfsi+0x60>
     9c2:	66 23       	and	r22, r22
     9c4:	b1 f0       	breq	.+44     	; 0x9f2 <__fixsfsi+0x9c>
     9c6:	50 95       	com	r21
     9c8:	40 95       	com	r20
     9ca:	30 95       	com	r19
     9cc:	21 95       	neg	r18
     9ce:	3f 4f       	sbci	r19, 0xFF	; 255
     9d0:	4f 4f       	sbci	r20, 0xFF	; 255
     9d2:	5f 4f       	sbci	r21, 0xFF	; 255
     9d4:	0e c0       	rjmp	.+28     	; 0x9f2 <__fixsfsi+0x9c>
     9d6:	20 e0       	ldi	r18, 0x00	; 0
     9d8:	30 e0       	ldi	r19, 0x00	; 0
     9da:	40 e0       	ldi	r20, 0x00	; 0
     9dc:	50 e0       	ldi	r21, 0x00	; 0
     9de:	09 c0       	rjmp	.+18     	; 0x9f2 <__fixsfsi+0x9c>
     9e0:	2f ef       	ldi	r18, 0xFF	; 255
     9e2:	3f ef       	ldi	r19, 0xFF	; 255
     9e4:	4f ef       	ldi	r20, 0xFF	; 255
     9e6:	5f e7       	ldi	r21, 0x7F	; 127
     9e8:	04 c0       	rjmp	.+8      	; 0x9f2 <__fixsfsi+0x9c>
     9ea:	20 e0       	ldi	r18, 0x00	; 0
     9ec:	30 e0       	ldi	r19, 0x00	; 0
     9ee:	40 e0       	ldi	r20, 0x00	; 0
     9f0:	50 e8       	ldi	r21, 0x80	; 128
     9f2:	b9 01       	movw	r22, r18
     9f4:	ca 01       	movw	r24, r20
     9f6:	2c 96       	adiw	r28, 0x0c	; 12
     9f8:	e2 e0       	ldi	r30, 0x02	; 2
     9fa:	0c 94 c3 13 	jmp	0x2786	; 0x2786 <__epilogue_restores__+0x20>

000009fe <__clzsi2>:
     9fe:	ef 92       	push	r14
     a00:	ff 92       	push	r15
     a02:	0f 93       	push	r16
     a04:	1f 93       	push	r17
     a06:	7b 01       	movw	r14, r22
     a08:	8c 01       	movw	r16, r24
     a0a:	80 e0       	ldi	r24, 0x00	; 0
     a0c:	e8 16       	cp	r14, r24
     a0e:	80 e0       	ldi	r24, 0x00	; 0
     a10:	f8 06       	cpc	r15, r24
     a12:	81 e0       	ldi	r24, 0x01	; 1
     a14:	08 07       	cpc	r16, r24
     a16:	80 e0       	ldi	r24, 0x00	; 0
     a18:	18 07       	cpc	r17, r24
     a1a:	88 f4       	brcc	.+34     	; 0xa3e <__clzsi2+0x40>
     a1c:	8f ef       	ldi	r24, 0xFF	; 255
     a1e:	e8 16       	cp	r14, r24
     a20:	f1 04       	cpc	r15, r1
     a22:	01 05       	cpc	r16, r1
     a24:	11 05       	cpc	r17, r1
     a26:	31 f0       	breq	.+12     	; 0xa34 <__clzsi2+0x36>
     a28:	28 f0       	brcs	.+10     	; 0xa34 <__clzsi2+0x36>
     a2a:	88 e0       	ldi	r24, 0x08	; 8
     a2c:	90 e0       	ldi	r25, 0x00	; 0
     a2e:	a0 e0       	ldi	r26, 0x00	; 0
     a30:	b0 e0       	ldi	r27, 0x00	; 0
     a32:	17 c0       	rjmp	.+46     	; 0xa62 <__clzsi2+0x64>
     a34:	80 e0       	ldi	r24, 0x00	; 0
     a36:	90 e0       	ldi	r25, 0x00	; 0
     a38:	a0 e0       	ldi	r26, 0x00	; 0
     a3a:	b0 e0       	ldi	r27, 0x00	; 0
     a3c:	12 c0       	rjmp	.+36     	; 0xa62 <__clzsi2+0x64>
     a3e:	80 e0       	ldi	r24, 0x00	; 0
     a40:	e8 16       	cp	r14, r24
     a42:	80 e0       	ldi	r24, 0x00	; 0
     a44:	f8 06       	cpc	r15, r24
     a46:	80 e0       	ldi	r24, 0x00	; 0
     a48:	08 07       	cpc	r16, r24
     a4a:	81 e0       	ldi	r24, 0x01	; 1
     a4c:	18 07       	cpc	r17, r24
     a4e:	28 f0       	brcs	.+10     	; 0xa5a <__clzsi2+0x5c>
     a50:	88 e1       	ldi	r24, 0x18	; 24
     a52:	90 e0       	ldi	r25, 0x00	; 0
     a54:	a0 e0       	ldi	r26, 0x00	; 0
     a56:	b0 e0       	ldi	r27, 0x00	; 0
     a58:	04 c0       	rjmp	.+8      	; 0xa62 <__clzsi2+0x64>
     a5a:	80 e1       	ldi	r24, 0x10	; 16
     a5c:	90 e0       	ldi	r25, 0x00	; 0
     a5e:	a0 e0       	ldi	r26, 0x00	; 0
     a60:	b0 e0       	ldi	r27, 0x00	; 0
     a62:	20 e2       	ldi	r18, 0x20	; 32
     a64:	30 e0       	ldi	r19, 0x00	; 0
     a66:	40 e0       	ldi	r20, 0x00	; 0
     a68:	50 e0       	ldi	r21, 0x00	; 0
     a6a:	28 1b       	sub	r18, r24
     a6c:	39 0b       	sbc	r19, r25
     a6e:	4a 0b       	sbc	r20, r26
     a70:	5b 0b       	sbc	r21, r27
     a72:	04 c0       	rjmp	.+8      	; 0xa7c <__clzsi2+0x7e>
     a74:	16 95       	lsr	r17
     a76:	07 95       	ror	r16
     a78:	f7 94       	ror	r15
     a7a:	e7 94       	ror	r14
     a7c:	8a 95       	dec	r24
     a7e:	d2 f7       	brpl	.-12     	; 0xa74 <__clzsi2+0x76>
     a80:	f7 01       	movw	r30, r14
     a82:	e8 59       	subi	r30, 0x98	; 152
     a84:	ff 4f       	sbci	r31, 0xFF	; 255
     a86:	80 81       	ld	r24, Z
     a88:	28 1b       	sub	r18, r24
     a8a:	31 09       	sbc	r19, r1
     a8c:	41 09       	sbc	r20, r1
     a8e:	51 09       	sbc	r21, r1
     a90:	c9 01       	movw	r24, r18
     a92:	1f 91       	pop	r17
     a94:	0f 91       	pop	r16
     a96:	ff 90       	pop	r15
     a98:	ef 90       	pop	r14
     a9a:	08 95       	ret

00000a9c <__pack_f>:
     a9c:	df 92       	push	r13
     a9e:	ef 92       	push	r14
     aa0:	ff 92       	push	r15
     aa2:	0f 93       	push	r16
     aa4:	1f 93       	push	r17
     aa6:	fc 01       	movw	r30, r24
     aa8:	e4 80       	ldd	r14, Z+4	; 0x04
     aaa:	f5 80       	ldd	r15, Z+5	; 0x05
     aac:	06 81       	ldd	r16, Z+6	; 0x06
     aae:	17 81       	ldd	r17, Z+7	; 0x07
     ab0:	d1 80       	ldd	r13, Z+1	; 0x01
     ab2:	80 81       	ld	r24, Z
     ab4:	82 30       	cpi	r24, 0x02	; 2
     ab6:	48 f4       	brcc	.+18     	; 0xaca <__pack_f+0x2e>
     ab8:	80 e0       	ldi	r24, 0x00	; 0
     aba:	90 e0       	ldi	r25, 0x00	; 0
     abc:	a0 e1       	ldi	r26, 0x10	; 16
     abe:	b0 e0       	ldi	r27, 0x00	; 0
     ac0:	e8 2a       	or	r14, r24
     ac2:	f9 2a       	or	r15, r25
     ac4:	0a 2b       	or	r16, r26
     ac6:	1b 2b       	or	r17, r27
     ac8:	a5 c0       	rjmp	.+330    	; 0xc14 <__pack_f+0x178>
     aca:	84 30       	cpi	r24, 0x04	; 4
     acc:	09 f4       	brne	.+2      	; 0xad0 <__pack_f+0x34>
     ace:	9f c0       	rjmp	.+318    	; 0xc0e <__pack_f+0x172>
     ad0:	82 30       	cpi	r24, 0x02	; 2
     ad2:	21 f4       	brne	.+8      	; 0xadc <__pack_f+0x40>
     ad4:	ee 24       	eor	r14, r14
     ad6:	ff 24       	eor	r15, r15
     ad8:	87 01       	movw	r16, r14
     ada:	05 c0       	rjmp	.+10     	; 0xae6 <__pack_f+0x4a>
     adc:	e1 14       	cp	r14, r1
     ade:	f1 04       	cpc	r15, r1
     ae0:	01 05       	cpc	r16, r1
     ae2:	11 05       	cpc	r17, r1
     ae4:	19 f4       	brne	.+6      	; 0xaec <__pack_f+0x50>
     ae6:	e0 e0       	ldi	r30, 0x00	; 0
     ae8:	f0 e0       	ldi	r31, 0x00	; 0
     aea:	96 c0       	rjmp	.+300    	; 0xc18 <__pack_f+0x17c>
     aec:	62 81       	ldd	r22, Z+2	; 0x02
     aee:	73 81       	ldd	r23, Z+3	; 0x03
     af0:	9f ef       	ldi	r25, 0xFF	; 255
     af2:	62 38       	cpi	r22, 0x82	; 130
     af4:	79 07       	cpc	r23, r25
     af6:	0c f0       	brlt	.+2      	; 0xafa <__pack_f+0x5e>
     af8:	5b c0       	rjmp	.+182    	; 0xbb0 <__pack_f+0x114>
     afa:	22 e8       	ldi	r18, 0x82	; 130
     afc:	3f ef       	ldi	r19, 0xFF	; 255
     afe:	26 1b       	sub	r18, r22
     b00:	37 0b       	sbc	r19, r23
     b02:	2a 31       	cpi	r18, 0x1A	; 26
     b04:	31 05       	cpc	r19, r1
     b06:	2c f0       	brlt	.+10     	; 0xb12 <__pack_f+0x76>
     b08:	20 e0       	ldi	r18, 0x00	; 0
     b0a:	30 e0       	ldi	r19, 0x00	; 0
     b0c:	40 e0       	ldi	r20, 0x00	; 0
     b0e:	50 e0       	ldi	r21, 0x00	; 0
     b10:	2a c0       	rjmp	.+84     	; 0xb66 <__pack_f+0xca>
     b12:	b8 01       	movw	r22, r16
     b14:	a7 01       	movw	r20, r14
     b16:	02 2e       	mov	r0, r18
     b18:	04 c0       	rjmp	.+8      	; 0xb22 <__pack_f+0x86>
     b1a:	76 95       	lsr	r23
     b1c:	67 95       	ror	r22
     b1e:	57 95       	ror	r21
     b20:	47 95       	ror	r20
     b22:	0a 94       	dec	r0
     b24:	d2 f7       	brpl	.-12     	; 0xb1a <__pack_f+0x7e>
     b26:	81 e0       	ldi	r24, 0x01	; 1
     b28:	90 e0       	ldi	r25, 0x00	; 0
     b2a:	a0 e0       	ldi	r26, 0x00	; 0
     b2c:	b0 e0       	ldi	r27, 0x00	; 0
     b2e:	04 c0       	rjmp	.+8      	; 0xb38 <__pack_f+0x9c>
     b30:	88 0f       	add	r24, r24
     b32:	99 1f       	adc	r25, r25
     b34:	aa 1f       	adc	r26, r26
     b36:	bb 1f       	adc	r27, r27
     b38:	2a 95       	dec	r18
     b3a:	d2 f7       	brpl	.-12     	; 0xb30 <__pack_f+0x94>
     b3c:	01 97       	sbiw	r24, 0x01	; 1
     b3e:	a1 09       	sbc	r26, r1
     b40:	b1 09       	sbc	r27, r1
     b42:	8e 21       	and	r24, r14
     b44:	9f 21       	and	r25, r15
     b46:	a0 23       	and	r26, r16
     b48:	b1 23       	and	r27, r17
     b4a:	00 97       	sbiw	r24, 0x00	; 0
     b4c:	a1 05       	cpc	r26, r1
     b4e:	b1 05       	cpc	r27, r1
     b50:	21 f0       	breq	.+8      	; 0xb5a <__pack_f+0xbe>
     b52:	81 e0       	ldi	r24, 0x01	; 1
     b54:	90 e0       	ldi	r25, 0x00	; 0
     b56:	a0 e0       	ldi	r26, 0x00	; 0
     b58:	b0 e0       	ldi	r27, 0x00	; 0
     b5a:	9a 01       	movw	r18, r20
     b5c:	ab 01       	movw	r20, r22
     b5e:	28 2b       	or	r18, r24
     b60:	39 2b       	or	r19, r25
     b62:	4a 2b       	or	r20, r26
     b64:	5b 2b       	or	r21, r27
     b66:	da 01       	movw	r26, r20
     b68:	c9 01       	movw	r24, r18
     b6a:	8f 77       	andi	r24, 0x7F	; 127
     b6c:	90 70       	andi	r25, 0x00	; 0
     b6e:	a0 70       	andi	r26, 0x00	; 0
     b70:	b0 70       	andi	r27, 0x00	; 0
     b72:	80 34       	cpi	r24, 0x40	; 64
     b74:	91 05       	cpc	r25, r1
     b76:	a1 05       	cpc	r26, r1
     b78:	b1 05       	cpc	r27, r1
     b7a:	39 f4       	brne	.+14     	; 0xb8a <__pack_f+0xee>
     b7c:	27 ff       	sbrs	r18, 7
     b7e:	09 c0       	rjmp	.+18     	; 0xb92 <__pack_f+0xf6>
     b80:	20 5c       	subi	r18, 0xC0	; 192
     b82:	3f 4f       	sbci	r19, 0xFF	; 255
     b84:	4f 4f       	sbci	r20, 0xFF	; 255
     b86:	5f 4f       	sbci	r21, 0xFF	; 255
     b88:	04 c0       	rjmp	.+8      	; 0xb92 <__pack_f+0xf6>
     b8a:	21 5c       	subi	r18, 0xC1	; 193
     b8c:	3f 4f       	sbci	r19, 0xFF	; 255
     b8e:	4f 4f       	sbci	r20, 0xFF	; 255
     b90:	5f 4f       	sbci	r21, 0xFF	; 255
     b92:	e0 e0       	ldi	r30, 0x00	; 0
     b94:	f0 e0       	ldi	r31, 0x00	; 0
     b96:	20 30       	cpi	r18, 0x00	; 0
     b98:	a0 e0       	ldi	r26, 0x00	; 0
     b9a:	3a 07       	cpc	r19, r26
     b9c:	a0 e0       	ldi	r26, 0x00	; 0
     b9e:	4a 07       	cpc	r20, r26
     ba0:	a0 e4       	ldi	r26, 0x40	; 64
     ba2:	5a 07       	cpc	r21, r26
     ba4:	10 f0       	brcs	.+4      	; 0xbaa <__pack_f+0x10e>
     ba6:	e1 e0       	ldi	r30, 0x01	; 1
     ba8:	f0 e0       	ldi	r31, 0x00	; 0
     baa:	79 01       	movw	r14, r18
     bac:	8a 01       	movw	r16, r20
     bae:	27 c0       	rjmp	.+78     	; 0xbfe <__pack_f+0x162>
     bb0:	60 38       	cpi	r22, 0x80	; 128
     bb2:	71 05       	cpc	r23, r1
     bb4:	64 f5       	brge	.+88     	; 0xc0e <__pack_f+0x172>
     bb6:	fb 01       	movw	r30, r22
     bb8:	e1 58       	subi	r30, 0x81	; 129
     bba:	ff 4f       	sbci	r31, 0xFF	; 255
     bbc:	d8 01       	movw	r26, r16
     bbe:	c7 01       	movw	r24, r14
     bc0:	8f 77       	andi	r24, 0x7F	; 127
     bc2:	90 70       	andi	r25, 0x00	; 0
     bc4:	a0 70       	andi	r26, 0x00	; 0
     bc6:	b0 70       	andi	r27, 0x00	; 0
     bc8:	80 34       	cpi	r24, 0x40	; 64
     bca:	91 05       	cpc	r25, r1
     bcc:	a1 05       	cpc	r26, r1
     bce:	b1 05       	cpc	r27, r1
     bd0:	39 f4       	brne	.+14     	; 0xbe0 <__pack_f+0x144>
     bd2:	e7 fe       	sbrs	r14, 7
     bd4:	0d c0       	rjmp	.+26     	; 0xbf0 <__pack_f+0x154>
     bd6:	80 e4       	ldi	r24, 0x40	; 64
     bd8:	90 e0       	ldi	r25, 0x00	; 0
     bda:	a0 e0       	ldi	r26, 0x00	; 0
     bdc:	b0 e0       	ldi	r27, 0x00	; 0
     bde:	04 c0       	rjmp	.+8      	; 0xbe8 <__pack_f+0x14c>
     be0:	8f e3       	ldi	r24, 0x3F	; 63
     be2:	90 e0       	ldi	r25, 0x00	; 0
     be4:	a0 e0       	ldi	r26, 0x00	; 0
     be6:	b0 e0       	ldi	r27, 0x00	; 0
     be8:	e8 0e       	add	r14, r24
     bea:	f9 1e       	adc	r15, r25
     bec:	0a 1f       	adc	r16, r26
     bee:	1b 1f       	adc	r17, r27
     bf0:	17 ff       	sbrs	r17, 7
     bf2:	05 c0       	rjmp	.+10     	; 0xbfe <__pack_f+0x162>
     bf4:	16 95       	lsr	r17
     bf6:	07 95       	ror	r16
     bf8:	f7 94       	ror	r15
     bfa:	e7 94       	ror	r14
     bfc:	31 96       	adiw	r30, 0x01	; 1
     bfe:	87 e0       	ldi	r24, 0x07	; 7
     c00:	16 95       	lsr	r17
     c02:	07 95       	ror	r16
     c04:	f7 94       	ror	r15
     c06:	e7 94       	ror	r14
     c08:	8a 95       	dec	r24
     c0a:	d1 f7       	brne	.-12     	; 0xc00 <__pack_f+0x164>
     c0c:	05 c0       	rjmp	.+10     	; 0xc18 <__pack_f+0x17c>
     c0e:	ee 24       	eor	r14, r14
     c10:	ff 24       	eor	r15, r15
     c12:	87 01       	movw	r16, r14
     c14:	ef ef       	ldi	r30, 0xFF	; 255
     c16:	f0 e0       	ldi	r31, 0x00	; 0
     c18:	6e 2f       	mov	r22, r30
     c1a:	67 95       	ror	r22
     c1c:	66 27       	eor	r22, r22
     c1e:	67 95       	ror	r22
     c20:	90 2f       	mov	r25, r16
     c22:	9f 77       	andi	r25, 0x7F	; 127
     c24:	d7 94       	ror	r13
     c26:	dd 24       	eor	r13, r13
     c28:	d7 94       	ror	r13
     c2a:	8e 2f       	mov	r24, r30
     c2c:	86 95       	lsr	r24
     c2e:	49 2f       	mov	r20, r25
     c30:	46 2b       	or	r20, r22
     c32:	58 2f       	mov	r21, r24
     c34:	5d 29       	or	r21, r13
     c36:	b7 01       	movw	r22, r14
     c38:	ca 01       	movw	r24, r20
     c3a:	1f 91       	pop	r17
     c3c:	0f 91       	pop	r16
     c3e:	ff 90       	pop	r15
     c40:	ef 90       	pop	r14
     c42:	df 90       	pop	r13
     c44:	08 95       	ret

00000c46 <__unpack_f>:
     c46:	fc 01       	movw	r30, r24
     c48:	db 01       	movw	r26, r22
     c4a:	40 81       	ld	r20, Z
     c4c:	51 81       	ldd	r21, Z+1	; 0x01
     c4e:	22 81       	ldd	r18, Z+2	; 0x02
     c50:	62 2f       	mov	r22, r18
     c52:	6f 77       	andi	r22, 0x7F	; 127
     c54:	70 e0       	ldi	r23, 0x00	; 0
     c56:	22 1f       	adc	r18, r18
     c58:	22 27       	eor	r18, r18
     c5a:	22 1f       	adc	r18, r18
     c5c:	93 81       	ldd	r25, Z+3	; 0x03
     c5e:	89 2f       	mov	r24, r25
     c60:	88 0f       	add	r24, r24
     c62:	82 2b       	or	r24, r18
     c64:	28 2f       	mov	r18, r24
     c66:	30 e0       	ldi	r19, 0x00	; 0
     c68:	99 1f       	adc	r25, r25
     c6a:	99 27       	eor	r25, r25
     c6c:	99 1f       	adc	r25, r25
     c6e:	11 96       	adiw	r26, 0x01	; 1
     c70:	9c 93       	st	X, r25
     c72:	11 97       	sbiw	r26, 0x01	; 1
     c74:	21 15       	cp	r18, r1
     c76:	31 05       	cpc	r19, r1
     c78:	a9 f5       	brne	.+106    	; 0xce4 <__unpack_f+0x9e>
     c7a:	41 15       	cp	r20, r1
     c7c:	51 05       	cpc	r21, r1
     c7e:	61 05       	cpc	r22, r1
     c80:	71 05       	cpc	r23, r1
     c82:	11 f4       	brne	.+4      	; 0xc88 <__unpack_f+0x42>
     c84:	82 e0       	ldi	r24, 0x02	; 2
     c86:	37 c0       	rjmp	.+110    	; 0xcf6 <__unpack_f+0xb0>
     c88:	82 e8       	ldi	r24, 0x82	; 130
     c8a:	9f ef       	ldi	r25, 0xFF	; 255
     c8c:	13 96       	adiw	r26, 0x03	; 3
     c8e:	9c 93       	st	X, r25
     c90:	8e 93       	st	-X, r24
     c92:	12 97       	sbiw	r26, 0x02	; 2
     c94:	9a 01       	movw	r18, r20
     c96:	ab 01       	movw	r20, r22
     c98:	67 e0       	ldi	r22, 0x07	; 7
     c9a:	22 0f       	add	r18, r18
     c9c:	33 1f       	adc	r19, r19
     c9e:	44 1f       	adc	r20, r20
     ca0:	55 1f       	adc	r21, r21
     ca2:	6a 95       	dec	r22
     ca4:	d1 f7       	brne	.-12     	; 0xc9a <__unpack_f+0x54>
     ca6:	83 e0       	ldi	r24, 0x03	; 3
     ca8:	8c 93       	st	X, r24
     caa:	0d c0       	rjmp	.+26     	; 0xcc6 <__unpack_f+0x80>
     cac:	22 0f       	add	r18, r18
     cae:	33 1f       	adc	r19, r19
     cb0:	44 1f       	adc	r20, r20
     cb2:	55 1f       	adc	r21, r21
     cb4:	12 96       	adiw	r26, 0x02	; 2
     cb6:	8d 91       	ld	r24, X+
     cb8:	9c 91       	ld	r25, X
     cba:	13 97       	sbiw	r26, 0x03	; 3
     cbc:	01 97       	sbiw	r24, 0x01	; 1
     cbe:	13 96       	adiw	r26, 0x03	; 3
     cc0:	9c 93       	st	X, r25
     cc2:	8e 93       	st	-X, r24
     cc4:	12 97       	sbiw	r26, 0x02	; 2
     cc6:	20 30       	cpi	r18, 0x00	; 0
     cc8:	80 e0       	ldi	r24, 0x00	; 0
     cca:	38 07       	cpc	r19, r24
     ccc:	80 e0       	ldi	r24, 0x00	; 0
     cce:	48 07       	cpc	r20, r24
     cd0:	80 e4       	ldi	r24, 0x40	; 64
     cd2:	58 07       	cpc	r21, r24
     cd4:	58 f3       	brcs	.-42     	; 0xcac <__unpack_f+0x66>
     cd6:	14 96       	adiw	r26, 0x04	; 4
     cd8:	2d 93       	st	X+, r18
     cda:	3d 93       	st	X+, r19
     cdc:	4d 93       	st	X+, r20
     cde:	5c 93       	st	X, r21
     ce0:	17 97       	sbiw	r26, 0x07	; 7
     ce2:	08 95       	ret
     ce4:	2f 3f       	cpi	r18, 0xFF	; 255
     ce6:	31 05       	cpc	r19, r1
     ce8:	79 f4       	brne	.+30     	; 0xd08 <__unpack_f+0xc2>
     cea:	41 15       	cp	r20, r1
     cec:	51 05       	cpc	r21, r1
     cee:	61 05       	cpc	r22, r1
     cf0:	71 05       	cpc	r23, r1
     cf2:	19 f4       	brne	.+6      	; 0xcfa <__unpack_f+0xb4>
     cf4:	84 e0       	ldi	r24, 0x04	; 4
     cf6:	8c 93       	st	X, r24
     cf8:	08 95       	ret
     cfa:	64 ff       	sbrs	r22, 4
     cfc:	03 c0       	rjmp	.+6      	; 0xd04 <__unpack_f+0xbe>
     cfe:	81 e0       	ldi	r24, 0x01	; 1
     d00:	8c 93       	st	X, r24
     d02:	12 c0       	rjmp	.+36     	; 0xd28 <__unpack_f+0xe2>
     d04:	1c 92       	st	X, r1
     d06:	10 c0       	rjmp	.+32     	; 0xd28 <__unpack_f+0xe2>
     d08:	2f 57       	subi	r18, 0x7F	; 127
     d0a:	30 40       	sbci	r19, 0x00	; 0
     d0c:	13 96       	adiw	r26, 0x03	; 3
     d0e:	3c 93       	st	X, r19
     d10:	2e 93       	st	-X, r18
     d12:	12 97       	sbiw	r26, 0x02	; 2
     d14:	83 e0       	ldi	r24, 0x03	; 3
     d16:	8c 93       	st	X, r24
     d18:	87 e0       	ldi	r24, 0x07	; 7
     d1a:	44 0f       	add	r20, r20
     d1c:	55 1f       	adc	r21, r21
     d1e:	66 1f       	adc	r22, r22
     d20:	77 1f       	adc	r23, r23
     d22:	8a 95       	dec	r24
     d24:	d1 f7       	brne	.-12     	; 0xd1a <__unpack_f+0xd4>
     d26:	70 64       	ori	r23, 0x40	; 64
     d28:	14 96       	adiw	r26, 0x04	; 4
     d2a:	4d 93       	st	X+, r20
     d2c:	5d 93       	st	X+, r21
     d2e:	6d 93       	st	X+, r22
     d30:	7c 93       	st	X, r23
     d32:	17 97       	sbiw	r26, 0x07	; 7
     d34:	08 95       	ret

00000d36 <__fpcmp_parts_f>:
     d36:	1f 93       	push	r17
     d38:	dc 01       	movw	r26, r24
     d3a:	fb 01       	movw	r30, r22
     d3c:	9c 91       	ld	r25, X
     d3e:	92 30       	cpi	r25, 0x02	; 2
     d40:	08 f4       	brcc	.+2      	; 0xd44 <__fpcmp_parts_f+0xe>
     d42:	47 c0       	rjmp	.+142    	; 0xdd2 <__fpcmp_parts_f+0x9c>
     d44:	80 81       	ld	r24, Z
     d46:	82 30       	cpi	r24, 0x02	; 2
     d48:	08 f4       	brcc	.+2      	; 0xd4c <__fpcmp_parts_f+0x16>
     d4a:	43 c0       	rjmp	.+134    	; 0xdd2 <__fpcmp_parts_f+0x9c>
     d4c:	94 30       	cpi	r25, 0x04	; 4
     d4e:	51 f4       	brne	.+20     	; 0xd64 <__fpcmp_parts_f+0x2e>
     d50:	11 96       	adiw	r26, 0x01	; 1
     d52:	1c 91       	ld	r17, X
     d54:	84 30       	cpi	r24, 0x04	; 4
     d56:	99 f5       	brne	.+102    	; 0xdbe <__fpcmp_parts_f+0x88>
     d58:	81 81       	ldd	r24, Z+1	; 0x01
     d5a:	68 2f       	mov	r22, r24
     d5c:	70 e0       	ldi	r23, 0x00	; 0
     d5e:	61 1b       	sub	r22, r17
     d60:	71 09       	sbc	r23, r1
     d62:	3f c0       	rjmp	.+126    	; 0xde2 <__fpcmp_parts_f+0xac>
     d64:	84 30       	cpi	r24, 0x04	; 4
     d66:	21 f0       	breq	.+8      	; 0xd70 <__fpcmp_parts_f+0x3a>
     d68:	92 30       	cpi	r25, 0x02	; 2
     d6a:	31 f4       	brne	.+12     	; 0xd78 <__fpcmp_parts_f+0x42>
     d6c:	82 30       	cpi	r24, 0x02	; 2
     d6e:	b9 f1       	breq	.+110    	; 0xdde <__fpcmp_parts_f+0xa8>
     d70:	81 81       	ldd	r24, Z+1	; 0x01
     d72:	88 23       	and	r24, r24
     d74:	89 f1       	breq	.+98     	; 0xdd8 <__fpcmp_parts_f+0xa2>
     d76:	2d c0       	rjmp	.+90     	; 0xdd2 <__fpcmp_parts_f+0x9c>
     d78:	11 96       	adiw	r26, 0x01	; 1
     d7a:	1c 91       	ld	r17, X
     d7c:	11 97       	sbiw	r26, 0x01	; 1
     d7e:	82 30       	cpi	r24, 0x02	; 2
     d80:	f1 f0       	breq	.+60     	; 0xdbe <__fpcmp_parts_f+0x88>
     d82:	81 81       	ldd	r24, Z+1	; 0x01
     d84:	18 17       	cp	r17, r24
     d86:	d9 f4       	brne	.+54     	; 0xdbe <__fpcmp_parts_f+0x88>
     d88:	12 96       	adiw	r26, 0x02	; 2
     d8a:	2d 91       	ld	r18, X+
     d8c:	3c 91       	ld	r19, X
     d8e:	13 97       	sbiw	r26, 0x03	; 3
     d90:	82 81       	ldd	r24, Z+2	; 0x02
     d92:	93 81       	ldd	r25, Z+3	; 0x03
     d94:	82 17       	cp	r24, r18
     d96:	93 07       	cpc	r25, r19
     d98:	94 f0       	brlt	.+36     	; 0xdbe <__fpcmp_parts_f+0x88>
     d9a:	28 17       	cp	r18, r24
     d9c:	39 07       	cpc	r19, r25
     d9e:	bc f0       	brlt	.+46     	; 0xdce <__fpcmp_parts_f+0x98>
     da0:	14 96       	adiw	r26, 0x04	; 4
     da2:	8d 91       	ld	r24, X+
     da4:	9d 91       	ld	r25, X+
     da6:	0d 90       	ld	r0, X+
     da8:	bc 91       	ld	r27, X
     daa:	a0 2d       	mov	r26, r0
     dac:	24 81       	ldd	r18, Z+4	; 0x04
     dae:	35 81       	ldd	r19, Z+5	; 0x05
     db0:	46 81       	ldd	r20, Z+6	; 0x06
     db2:	57 81       	ldd	r21, Z+7	; 0x07
     db4:	28 17       	cp	r18, r24
     db6:	39 07       	cpc	r19, r25
     db8:	4a 07       	cpc	r20, r26
     dba:	5b 07       	cpc	r21, r27
     dbc:	18 f4       	brcc	.+6      	; 0xdc4 <__fpcmp_parts_f+0x8e>
     dbe:	11 23       	and	r17, r17
     dc0:	41 f0       	breq	.+16     	; 0xdd2 <__fpcmp_parts_f+0x9c>
     dc2:	0a c0       	rjmp	.+20     	; 0xdd8 <__fpcmp_parts_f+0xa2>
     dc4:	82 17       	cp	r24, r18
     dc6:	93 07       	cpc	r25, r19
     dc8:	a4 07       	cpc	r26, r20
     dca:	b5 07       	cpc	r27, r21
     dcc:	40 f4       	brcc	.+16     	; 0xdde <__fpcmp_parts_f+0xa8>
     dce:	11 23       	and	r17, r17
     dd0:	19 f0       	breq	.+6      	; 0xdd8 <__fpcmp_parts_f+0xa2>
     dd2:	61 e0       	ldi	r22, 0x01	; 1
     dd4:	70 e0       	ldi	r23, 0x00	; 0
     dd6:	05 c0       	rjmp	.+10     	; 0xde2 <__fpcmp_parts_f+0xac>
     dd8:	6f ef       	ldi	r22, 0xFF	; 255
     dda:	7f ef       	ldi	r23, 0xFF	; 255
     ddc:	02 c0       	rjmp	.+4      	; 0xde2 <__fpcmp_parts_f+0xac>
     dde:	60 e0       	ldi	r22, 0x00	; 0
     de0:	70 e0       	ldi	r23, 0x00	; 0
     de2:	cb 01       	movw	r24, r22
     de4:	1f 91       	pop	r17
     de6:	08 95       	ret

00000de8 <DIO_VidSetPortDir>:
#include "dio_reg_privite.h"
#include "dio_init.h"
//------------------------------------------------------//
//port functions//

void DIO_VidSetPortDir(u8 u8CopyPort,u8 u8CopyDir){
     de8:	df 93       	push	r29
     dea:	cf 93       	push	r28
     dec:	00 d0       	rcall	.+0      	; 0xdee <DIO_VidSetPortDir+0x6>
     dee:	00 d0       	rcall	.+0      	; 0xdf0 <DIO_VidSetPortDir+0x8>
     df0:	cd b7       	in	r28, 0x3d	; 61
     df2:	de b7       	in	r29, 0x3e	; 62
     df4:	89 83       	std	Y+1, r24	; 0x01
     df6:	6a 83       	std	Y+2, r22	; 0x02
   switch(u8CopyPort){
     df8:	89 81       	ldd	r24, Y+1	; 0x01
     dfa:	28 2f       	mov	r18, r24
     dfc:	30 e0       	ldi	r19, 0x00	; 0
     dfe:	3c 83       	std	Y+4, r19	; 0x04
     e00:	2b 83       	std	Y+3, r18	; 0x03
     e02:	8b 81       	ldd	r24, Y+3	; 0x03
     e04:	9c 81       	ldd	r25, Y+4	; 0x04
     e06:	81 30       	cpi	r24, 0x01	; 1
     e08:	91 05       	cpc	r25, r1
     e0a:	d1 f0       	breq	.+52     	; 0xe40 <DIO_VidSetPortDir+0x58>
     e0c:	2b 81       	ldd	r18, Y+3	; 0x03
     e0e:	3c 81       	ldd	r19, Y+4	; 0x04
     e10:	22 30       	cpi	r18, 0x02	; 2
     e12:	31 05       	cpc	r19, r1
     e14:	2c f4       	brge	.+10     	; 0xe20 <DIO_VidSetPortDir+0x38>
     e16:	8b 81       	ldd	r24, Y+3	; 0x03
     e18:	9c 81       	ldd	r25, Y+4	; 0x04
     e1a:	00 97       	sbiw	r24, 0x00	; 0
     e1c:	61 f0       	breq	.+24     	; 0xe36 <DIO_VidSetPortDir+0x4e>
     e1e:	1e c0       	rjmp	.+60     	; 0xe5c <DIO_VidSetPortDir+0x74>
     e20:	2b 81       	ldd	r18, Y+3	; 0x03
     e22:	3c 81       	ldd	r19, Y+4	; 0x04
     e24:	22 30       	cpi	r18, 0x02	; 2
     e26:	31 05       	cpc	r19, r1
     e28:	81 f0       	breq	.+32     	; 0xe4a <DIO_VidSetPortDir+0x62>
     e2a:	8b 81       	ldd	r24, Y+3	; 0x03
     e2c:	9c 81       	ldd	r25, Y+4	; 0x04
     e2e:	83 30       	cpi	r24, 0x03	; 3
     e30:	91 05       	cpc	r25, r1
     e32:	81 f0       	breq	.+32     	; 0xe54 <DIO_VidSetPortDir+0x6c>
     e34:	13 c0       	rjmp	.+38     	; 0xe5c <DIO_VidSetPortDir+0x74>
 case PortA: DDRA_REG = u8CopyDir;break;
     e36:	ea e3       	ldi	r30, 0x3A	; 58
     e38:	f0 e0       	ldi	r31, 0x00	; 0
     e3a:	8a 81       	ldd	r24, Y+2	; 0x02
     e3c:	80 83       	st	Z, r24
     e3e:	0e c0       	rjmp	.+28     	; 0xe5c <DIO_VidSetPortDir+0x74>
 case PortB: DDRB_REG = u8CopyDir;break;
     e40:	e7 e3       	ldi	r30, 0x37	; 55
     e42:	f0 e0       	ldi	r31, 0x00	; 0
     e44:	8a 81       	ldd	r24, Y+2	; 0x02
     e46:	80 83       	st	Z, r24
     e48:	09 c0       	rjmp	.+18     	; 0xe5c <DIO_VidSetPortDir+0x74>
 case PortC: DDRC_REG = u8CopyDir;break;
     e4a:	e4 e3       	ldi	r30, 0x34	; 52
     e4c:	f0 e0       	ldi	r31, 0x00	; 0
     e4e:	8a 81       	ldd	r24, Y+2	; 0x02
     e50:	80 83       	st	Z, r24
     e52:	04 c0       	rjmp	.+8      	; 0xe5c <DIO_VidSetPortDir+0x74>
 case PortD: DDRD_REG = u8CopyDir;break;
     e54:	e1 e3       	ldi	r30, 0x31	; 49
     e56:	f0 e0       	ldi	r31, 0x00	; 0
     e58:	8a 81       	ldd	r24, Y+2	; 0x02
     e5a:	80 83       	st	Z, r24
  }
}
     e5c:	0f 90       	pop	r0
     e5e:	0f 90       	pop	r0
     e60:	0f 90       	pop	r0
     e62:	0f 90       	pop	r0
     e64:	cf 91       	pop	r28
     e66:	df 91       	pop	r29
     e68:	08 95       	ret

00000e6a <DIO_VidSetPortVal>:
//--------------------------------------------//

void DIO_VidSetPortVal(u8 u8CopyPort,u8 u8CopyVal){
     e6a:	df 93       	push	r29
     e6c:	cf 93       	push	r28
     e6e:	00 d0       	rcall	.+0      	; 0xe70 <DIO_VidSetPortVal+0x6>
     e70:	00 d0       	rcall	.+0      	; 0xe72 <DIO_VidSetPortVal+0x8>
     e72:	cd b7       	in	r28, 0x3d	; 61
     e74:	de b7       	in	r29, 0x3e	; 62
     e76:	89 83       	std	Y+1, r24	; 0x01
     e78:	6a 83       	std	Y+2, r22	; 0x02
  switch(u8CopyPort){
     e7a:	89 81       	ldd	r24, Y+1	; 0x01
     e7c:	28 2f       	mov	r18, r24
     e7e:	30 e0       	ldi	r19, 0x00	; 0
     e80:	3c 83       	std	Y+4, r19	; 0x04
     e82:	2b 83       	std	Y+3, r18	; 0x03
     e84:	8b 81       	ldd	r24, Y+3	; 0x03
     e86:	9c 81       	ldd	r25, Y+4	; 0x04
     e88:	81 30       	cpi	r24, 0x01	; 1
     e8a:	91 05       	cpc	r25, r1
     e8c:	d1 f0       	breq	.+52     	; 0xec2 <DIO_VidSetPortVal+0x58>
     e8e:	2b 81       	ldd	r18, Y+3	; 0x03
     e90:	3c 81       	ldd	r19, Y+4	; 0x04
     e92:	22 30       	cpi	r18, 0x02	; 2
     e94:	31 05       	cpc	r19, r1
     e96:	2c f4       	brge	.+10     	; 0xea2 <DIO_VidSetPortVal+0x38>
     e98:	8b 81       	ldd	r24, Y+3	; 0x03
     e9a:	9c 81       	ldd	r25, Y+4	; 0x04
     e9c:	00 97       	sbiw	r24, 0x00	; 0
     e9e:	61 f0       	breq	.+24     	; 0xeb8 <DIO_VidSetPortVal+0x4e>
     ea0:	1e c0       	rjmp	.+60     	; 0xede <DIO_VidSetPortVal+0x74>
     ea2:	2b 81       	ldd	r18, Y+3	; 0x03
     ea4:	3c 81       	ldd	r19, Y+4	; 0x04
     ea6:	22 30       	cpi	r18, 0x02	; 2
     ea8:	31 05       	cpc	r19, r1
     eaa:	81 f0       	breq	.+32     	; 0xecc <DIO_VidSetPortVal+0x62>
     eac:	8b 81       	ldd	r24, Y+3	; 0x03
     eae:	9c 81       	ldd	r25, Y+4	; 0x04
     eb0:	83 30       	cpi	r24, 0x03	; 3
     eb2:	91 05       	cpc	r25, r1
     eb4:	81 f0       	breq	.+32     	; 0xed6 <DIO_VidSetPortVal+0x6c>
     eb6:	13 c0       	rjmp	.+38     	; 0xede <DIO_VidSetPortVal+0x74>
 case PortA: PORTA_REG = u8CopyVal;break;
     eb8:	eb e3       	ldi	r30, 0x3B	; 59
     eba:	f0 e0       	ldi	r31, 0x00	; 0
     ebc:	8a 81       	ldd	r24, Y+2	; 0x02
     ebe:	80 83       	st	Z, r24
     ec0:	0e c0       	rjmp	.+28     	; 0xede <DIO_VidSetPortVal+0x74>
 case PortB: PORTB_REG = u8CopyVal;break;
     ec2:	e8 e3       	ldi	r30, 0x38	; 56
     ec4:	f0 e0       	ldi	r31, 0x00	; 0
     ec6:	8a 81       	ldd	r24, Y+2	; 0x02
     ec8:	80 83       	st	Z, r24
     eca:	09 c0       	rjmp	.+18     	; 0xede <DIO_VidSetPortVal+0x74>
 case PortC: PORTC_REG = u8CopyVal;break;
     ecc:	e5 e3       	ldi	r30, 0x35	; 53
     ece:	f0 e0       	ldi	r31, 0x00	; 0
     ed0:	8a 81       	ldd	r24, Y+2	; 0x02
     ed2:	80 83       	st	Z, r24
     ed4:	04 c0       	rjmp	.+8      	; 0xede <DIO_VidSetPortVal+0x74>
 case PortD: PORTD_REG = u8CopyVal;break;
     ed6:	e2 e3       	ldi	r30, 0x32	; 50
     ed8:	f0 e0       	ldi	r31, 0x00	; 0
     eda:	8a 81       	ldd	r24, Y+2	; 0x02
     edc:	80 83       	st	Z, r24
	}
}
     ede:	0f 90       	pop	r0
     ee0:	0f 90       	pop	r0
     ee2:	0f 90       	pop	r0
     ee4:	0f 90       	pop	r0
     ee6:	cf 91       	pop	r28
     ee8:	df 91       	pop	r29
     eea:	08 95       	ret

00000eec <DIO_u8GetPortVal>:
//-----------------------------------------------//
u8   DIO_u8GetPortVal(u8 u8CopyPort){
     eec:	df 93       	push	r29
     eee:	cf 93       	push	r28
     ef0:	00 d0       	rcall	.+0      	; 0xef2 <DIO_u8GetPortVal+0x6>
     ef2:	00 d0       	rcall	.+0      	; 0xef4 <DIO_u8GetPortVal+0x8>
     ef4:	cd b7       	in	r28, 0x3d	; 61
     ef6:	de b7       	in	r29, 0x3e	; 62
     ef8:	8a 83       	std	Y+2, r24	; 0x02
	u8 Data =0;
     efa:	19 82       	std	Y+1, r1	; 0x01
	  switch(u8CopyPort){
     efc:	8a 81       	ldd	r24, Y+2	; 0x02
     efe:	28 2f       	mov	r18, r24
     f00:	30 e0       	ldi	r19, 0x00	; 0
     f02:	3c 83       	std	Y+4, r19	; 0x04
     f04:	2b 83       	std	Y+3, r18	; 0x03
     f06:	8b 81       	ldd	r24, Y+3	; 0x03
     f08:	9c 81       	ldd	r25, Y+4	; 0x04
     f0a:	81 30       	cpi	r24, 0x01	; 1
     f0c:	91 05       	cpc	r25, r1
     f0e:	d1 f0       	breq	.+52     	; 0xf44 <DIO_u8GetPortVal+0x58>
     f10:	2b 81       	ldd	r18, Y+3	; 0x03
     f12:	3c 81       	ldd	r19, Y+4	; 0x04
     f14:	22 30       	cpi	r18, 0x02	; 2
     f16:	31 05       	cpc	r19, r1
     f18:	2c f4       	brge	.+10     	; 0xf24 <DIO_u8GetPortVal+0x38>
     f1a:	8b 81       	ldd	r24, Y+3	; 0x03
     f1c:	9c 81       	ldd	r25, Y+4	; 0x04
     f1e:	00 97       	sbiw	r24, 0x00	; 0
     f20:	61 f0       	breq	.+24     	; 0xf3a <DIO_u8GetPortVal+0x4e>
     f22:	1e c0       	rjmp	.+60     	; 0xf60 <DIO_u8GetPortVal+0x74>
     f24:	2b 81       	ldd	r18, Y+3	; 0x03
     f26:	3c 81       	ldd	r19, Y+4	; 0x04
     f28:	22 30       	cpi	r18, 0x02	; 2
     f2a:	31 05       	cpc	r19, r1
     f2c:	81 f0       	breq	.+32     	; 0xf4e <DIO_u8GetPortVal+0x62>
     f2e:	8b 81       	ldd	r24, Y+3	; 0x03
     f30:	9c 81       	ldd	r25, Y+4	; 0x04
     f32:	83 30       	cpi	r24, 0x03	; 3
     f34:	91 05       	cpc	r25, r1
     f36:	81 f0       	breq	.+32     	; 0xf58 <DIO_u8GetPortVal+0x6c>
     f38:	13 c0       	rjmp	.+38     	; 0xf60 <DIO_u8GetPortVal+0x74>
		case PortA: Data = PINA_REG;break;
     f3a:	e9 e3       	ldi	r30, 0x39	; 57
     f3c:	f0 e0       	ldi	r31, 0x00	; 0
     f3e:	80 81       	ld	r24, Z
     f40:	89 83       	std	Y+1, r24	; 0x01
     f42:	0e c0       	rjmp	.+28     	; 0xf60 <DIO_u8GetPortVal+0x74>
		case PortB: Data = PINB_REG;break;
     f44:	e6 e3       	ldi	r30, 0x36	; 54
     f46:	f0 e0       	ldi	r31, 0x00	; 0
     f48:	80 81       	ld	r24, Z
     f4a:	89 83       	std	Y+1, r24	; 0x01
     f4c:	09 c0       	rjmp	.+18     	; 0xf60 <DIO_u8GetPortVal+0x74>
		case PortC: Data = PINC_REG;break;
     f4e:	e3 e3       	ldi	r30, 0x33	; 51
     f50:	f0 e0       	ldi	r31, 0x00	; 0
     f52:	80 81       	ld	r24, Z
     f54:	89 83       	std	Y+1, r24	; 0x01
     f56:	04 c0       	rjmp	.+8      	; 0xf60 <DIO_u8GetPortVal+0x74>
		case PortD: Data = PIND_REG;break;
     f58:	e0 e3       	ldi	r30, 0x30	; 48
     f5a:	f0 e0       	ldi	r31, 0x00	; 0
     f5c:	80 81       	ld	r24, Z
     f5e:	89 83       	std	Y+1, r24	; 0x01
		}
	  return Data;
     f60:	89 81       	ldd	r24, Y+1	; 0x01
}
     f62:	0f 90       	pop	r0
     f64:	0f 90       	pop	r0
     f66:	0f 90       	pop	r0
     f68:	0f 90       	pop	r0
     f6a:	cf 91       	pop	r28
     f6c:	df 91       	pop	r29
     f6e:	08 95       	ret

00000f70 <DIO_VidSetPinDir>:
//----------------------------------------------------------//

//pin functions//

void DIO_VidSetPinDir(u8 u8CopyPin,u8 u8CopyDir){
     f70:	df 93       	push	r29
     f72:	cf 93       	push	r28
     f74:	00 d0       	rcall	.+0      	; 0xf76 <DIO_VidSetPinDir+0x6>
     f76:	cd b7       	in	r28, 0x3d	; 61
     f78:	de b7       	in	r29, 0x3e	; 62
     f7a:	89 83       	std	Y+1, r24	; 0x01
     f7c:	6a 83       	std	Y+2, r22	; 0x02

if ((u8CopyPin<=PinA7) && (u8CopyPin>=PinA0)){
     f7e:	89 81       	ldd	r24, Y+1	; 0x01
     f80:	88 30       	cpi	r24, 0x08	; 8
     f82:	60 f5       	brcc	.+88     	; 0xfdc <DIO_VidSetPinDir+0x6c>
	if (u8CopyDir == Output_DDR_Pin){
     f84:	8a 81       	ldd	r24, Y+2	; 0x02
     f86:	81 30       	cpi	r24, 0x01	; 1
     f88:	a1 f4       	brne	.+40     	; 0xfb2 <DIO_VidSetPinDir+0x42>
		SET_BIT(DDRA_REG,u8CopyPin);
     f8a:	aa e3       	ldi	r26, 0x3A	; 58
     f8c:	b0 e0       	ldi	r27, 0x00	; 0
     f8e:	ea e3       	ldi	r30, 0x3A	; 58
     f90:	f0 e0       	ldi	r31, 0x00	; 0
     f92:	80 81       	ld	r24, Z
     f94:	48 2f       	mov	r20, r24
     f96:	89 81       	ldd	r24, Y+1	; 0x01
     f98:	28 2f       	mov	r18, r24
     f9a:	30 e0       	ldi	r19, 0x00	; 0
     f9c:	81 e0       	ldi	r24, 0x01	; 1
     f9e:	90 e0       	ldi	r25, 0x00	; 0
     fa0:	02 2e       	mov	r0, r18
     fa2:	02 c0       	rjmp	.+4      	; 0xfa8 <DIO_VidSetPinDir+0x38>
     fa4:	88 0f       	add	r24, r24
     fa6:	99 1f       	adc	r25, r25
     fa8:	0a 94       	dec	r0
     faa:	e2 f7       	brpl	.-8      	; 0xfa4 <DIO_VidSetPinDir+0x34>
     fac:	84 2b       	or	r24, r20
     fae:	8c 93       	st	X, r24
     fb0:	bc c0       	rjmp	.+376    	; 0x112a <DIO_VidSetPinDir+0x1ba>
	}
	else{
		CLR_BIT(DDRA_REG,u8CopyDir);
     fb2:	aa e3       	ldi	r26, 0x3A	; 58
     fb4:	b0 e0       	ldi	r27, 0x00	; 0
     fb6:	ea e3       	ldi	r30, 0x3A	; 58
     fb8:	f0 e0       	ldi	r31, 0x00	; 0
     fba:	80 81       	ld	r24, Z
     fbc:	48 2f       	mov	r20, r24
     fbe:	8a 81       	ldd	r24, Y+2	; 0x02
     fc0:	28 2f       	mov	r18, r24
     fc2:	30 e0       	ldi	r19, 0x00	; 0
     fc4:	81 e0       	ldi	r24, 0x01	; 1
     fc6:	90 e0       	ldi	r25, 0x00	; 0
     fc8:	02 2e       	mov	r0, r18
     fca:	02 c0       	rjmp	.+4      	; 0xfd0 <DIO_VidSetPinDir+0x60>
     fcc:	88 0f       	add	r24, r24
     fce:	99 1f       	adc	r25, r25
     fd0:	0a 94       	dec	r0
     fd2:	e2 f7       	brpl	.-8      	; 0xfcc <DIO_VidSetPinDir+0x5c>
     fd4:	80 95       	com	r24
     fd6:	84 23       	and	r24, r20
     fd8:	8c 93       	st	X, r24
     fda:	a7 c0       	rjmp	.+334    	; 0x112a <DIO_VidSetPinDir+0x1ba>
	}
 }

else if ((u8CopyPin<=PinB7) && (u8CopyPin>=PinB0)){
     fdc:	89 81       	ldd	r24, Y+1	; 0x01
     fde:	80 31       	cpi	r24, 0x10	; 16
     fe0:	a8 f5       	brcc	.+106    	; 0x104c <DIO_VidSetPinDir+0xdc>
     fe2:	89 81       	ldd	r24, Y+1	; 0x01
     fe4:	88 30       	cpi	r24, 0x08	; 8
     fe6:	90 f1       	brcs	.+100    	; 0x104c <DIO_VidSetPinDir+0xdc>
	if (u8CopyDir == Output_DDR_Pin){
     fe8:	8a 81       	ldd	r24, Y+2	; 0x02
     fea:	81 30       	cpi	r24, 0x01	; 1
     fec:	b9 f4       	brne	.+46     	; 0x101c <DIO_VidSetPinDir+0xac>
			SET_BIT(DDRB_REG,(u8CopyPin - 8));
     fee:	a7 e3       	ldi	r26, 0x37	; 55
     ff0:	b0 e0       	ldi	r27, 0x00	; 0
     ff2:	e7 e3       	ldi	r30, 0x37	; 55
     ff4:	f0 e0       	ldi	r31, 0x00	; 0
     ff6:	80 81       	ld	r24, Z
     ff8:	48 2f       	mov	r20, r24
     ffa:	89 81       	ldd	r24, Y+1	; 0x01
     ffc:	88 2f       	mov	r24, r24
     ffe:	90 e0       	ldi	r25, 0x00	; 0
    1000:	9c 01       	movw	r18, r24
    1002:	28 50       	subi	r18, 0x08	; 8
    1004:	30 40       	sbci	r19, 0x00	; 0
    1006:	81 e0       	ldi	r24, 0x01	; 1
    1008:	90 e0       	ldi	r25, 0x00	; 0
    100a:	02 2e       	mov	r0, r18
    100c:	02 c0       	rjmp	.+4      	; 0x1012 <DIO_VidSetPinDir+0xa2>
    100e:	88 0f       	add	r24, r24
    1010:	99 1f       	adc	r25, r25
    1012:	0a 94       	dec	r0
    1014:	e2 f7       	brpl	.-8      	; 0x100e <DIO_VidSetPinDir+0x9e>
    1016:	84 2b       	or	r24, r20
    1018:	8c 93       	st	X, r24
    101a:	87 c0       	rjmp	.+270    	; 0x112a <DIO_VidSetPinDir+0x1ba>
		}
		else{
			CLR_BIT(DDRB_REG,(u8CopyDir - 8));
    101c:	a7 e3       	ldi	r26, 0x37	; 55
    101e:	b0 e0       	ldi	r27, 0x00	; 0
    1020:	e7 e3       	ldi	r30, 0x37	; 55
    1022:	f0 e0       	ldi	r31, 0x00	; 0
    1024:	80 81       	ld	r24, Z
    1026:	48 2f       	mov	r20, r24
    1028:	8a 81       	ldd	r24, Y+2	; 0x02
    102a:	88 2f       	mov	r24, r24
    102c:	90 e0       	ldi	r25, 0x00	; 0
    102e:	9c 01       	movw	r18, r24
    1030:	28 50       	subi	r18, 0x08	; 8
    1032:	30 40       	sbci	r19, 0x00	; 0
    1034:	81 e0       	ldi	r24, 0x01	; 1
    1036:	90 e0       	ldi	r25, 0x00	; 0
    1038:	02 2e       	mov	r0, r18
    103a:	02 c0       	rjmp	.+4      	; 0x1040 <DIO_VidSetPinDir+0xd0>
    103c:	88 0f       	add	r24, r24
    103e:	99 1f       	adc	r25, r25
    1040:	0a 94       	dec	r0
    1042:	e2 f7       	brpl	.-8      	; 0x103c <DIO_VidSetPinDir+0xcc>
    1044:	80 95       	com	r24
    1046:	84 23       	and	r24, r20
    1048:	8c 93       	st	X, r24
    104a:	6f c0       	rjmp	.+222    	; 0x112a <DIO_VidSetPinDir+0x1ba>
		}
 }

else if ((u8CopyPin<=PinC7) && (u8CopyPin>=PinC0)){
    104c:	89 81       	ldd	r24, Y+1	; 0x01
    104e:	88 31       	cpi	r24, 0x18	; 24
    1050:	a8 f5       	brcc	.+106    	; 0x10bc <DIO_VidSetPinDir+0x14c>
    1052:	89 81       	ldd	r24, Y+1	; 0x01
    1054:	80 31       	cpi	r24, 0x10	; 16
    1056:	90 f1       	brcs	.+100    	; 0x10bc <DIO_VidSetPinDir+0x14c>
	if (u8CopyDir == Output_DDR_Pin){
    1058:	8a 81       	ldd	r24, Y+2	; 0x02
    105a:	81 30       	cpi	r24, 0x01	; 1
    105c:	b9 f4       	brne	.+46     	; 0x108c <DIO_VidSetPinDir+0x11c>
			SET_BIT(DDRC_REG,(u8CopyPin - 16));
    105e:	a4 e3       	ldi	r26, 0x34	; 52
    1060:	b0 e0       	ldi	r27, 0x00	; 0
    1062:	e4 e3       	ldi	r30, 0x34	; 52
    1064:	f0 e0       	ldi	r31, 0x00	; 0
    1066:	80 81       	ld	r24, Z
    1068:	48 2f       	mov	r20, r24
    106a:	89 81       	ldd	r24, Y+1	; 0x01
    106c:	88 2f       	mov	r24, r24
    106e:	90 e0       	ldi	r25, 0x00	; 0
    1070:	9c 01       	movw	r18, r24
    1072:	20 51       	subi	r18, 0x10	; 16
    1074:	30 40       	sbci	r19, 0x00	; 0
    1076:	81 e0       	ldi	r24, 0x01	; 1
    1078:	90 e0       	ldi	r25, 0x00	; 0
    107a:	02 2e       	mov	r0, r18
    107c:	02 c0       	rjmp	.+4      	; 0x1082 <DIO_VidSetPinDir+0x112>
    107e:	88 0f       	add	r24, r24
    1080:	99 1f       	adc	r25, r25
    1082:	0a 94       	dec	r0
    1084:	e2 f7       	brpl	.-8      	; 0x107e <DIO_VidSetPinDir+0x10e>
    1086:	84 2b       	or	r24, r20
    1088:	8c 93       	st	X, r24
    108a:	4f c0       	rjmp	.+158    	; 0x112a <DIO_VidSetPinDir+0x1ba>
		}
		else{
			CLR_BIT(DDRC_REG,(u8CopyDir - 16));
    108c:	a4 e3       	ldi	r26, 0x34	; 52
    108e:	b0 e0       	ldi	r27, 0x00	; 0
    1090:	e4 e3       	ldi	r30, 0x34	; 52
    1092:	f0 e0       	ldi	r31, 0x00	; 0
    1094:	80 81       	ld	r24, Z
    1096:	48 2f       	mov	r20, r24
    1098:	8a 81       	ldd	r24, Y+2	; 0x02
    109a:	88 2f       	mov	r24, r24
    109c:	90 e0       	ldi	r25, 0x00	; 0
    109e:	9c 01       	movw	r18, r24
    10a0:	20 51       	subi	r18, 0x10	; 16
    10a2:	30 40       	sbci	r19, 0x00	; 0
    10a4:	81 e0       	ldi	r24, 0x01	; 1
    10a6:	90 e0       	ldi	r25, 0x00	; 0
    10a8:	02 2e       	mov	r0, r18
    10aa:	02 c0       	rjmp	.+4      	; 0x10b0 <DIO_VidSetPinDir+0x140>
    10ac:	88 0f       	add	r24, r24
    10ae:	99 1f       	adc	r25, r25
    10b0:	0a 94       	dec	r0
    10b2:	e2 f7       	brpl	.-8      	; 0x10ac <DIO_VidSetPinDir+0x13c>
    10b4:	80 95       	com	r24
    10b6:	84 23       	and	r24, r20
    10b8:	8c 93       	st	X, r24
    10ba:	37 c0       	rjmp	.+110    	; 0x112a <DIO_VidSetPinDir+0x1ba>
		}
 }

else if ((u8CopyPin<=PinD7) && (u8CopyPin>=PinD0)){
    10bc:	89 81       	ldd	r24, Y+1	; 0x01
    10be:	80 32       	cpi	r24, 0x20	; 32
    10c0:	a0 f5       	brcc	.+104    	; 0x112a <DIO_VidSetPinDir+0x1ba>
    10c2:	89 81       	ldd	r24, Y+1	; 0x01
    10c4:	88 31       	cpi	r24, 0x18	; 24
    10c6:	88 f1       	brcs	.+98     	; 0x112a <DIO_VidSetPinDir+0x1ba>
	if (u8CopyDir == Output_DDR_Pin){
    10c8:	8a 81       	ldd	r24, Y+2	; 0x02
    10ca:	81 30       	cpi	r24, 0x01	; 1
    10cc:	b9 f4       	brne	.+46     	; 0x10fc <DIO_VidSetPinDir+0x18c>
			SET_BIT(DDRD_REG,(u8CopyPin - 24));
    10ce:	a1 e3       	ldi	r26, 0x31	; 49
    10d0:	b0 e0       	ldi	r27, 0x00	; 0
    10d2:	e1 e3       	ldi	r30, 0x31	; 49
    10d4:	f0 e0       	ldi	r31, 0x00	; 0
    10d6:	80 81       	ld	r24, Z
    10d8:	48 2f       	mov	r20, r24
    10da:	89 81       	ldd	r24, Y+1	; 0x01
    10dc:	88 2f       	mov	r24, r24
    10de:	90 e0       	ldi	r25, 0x00	; 0
    10e0:	9c 01       	movw	r18, r24
    10e2:	28 51       	subi	r18, 0x18	; 24
    10e4:	30 40       	sbci	r19, 0x00	; 0
    10e6:	81 e0       	ldi	r24, 0x01	; 1
    10e8:	90 e0       	ldi	r25, 0x00	; 0
    10ea:	02 2e       	mov	r0, r18
    10ec:	02 c0       	rjmp	.+4      	; 0x10f2 <DIO_VidSetPinDir+0x182>
    10ee:	88 0f       	add	r24, r24
    10f0:	99 1f       	adc	r25, r25
    10f2:	0a 94       	dec	r0
    10f4:	e2 f7       	brpl	.-8      	; 0x10ee <DIO_VidSetPinDir+0x17e>
    10f6:	84 2b       	or	r24, r20
    10f8:	8c 93       	st	X, r24
    10fa:	17 c0       	rjmp	.+46     	; 0x112a <DIO_VidSetPinDir+0x1ba>
		}
		else{
			CLR_BIT(DDRD_REG,(u8CopyDir - 24));
    10fc:	a1 e3       	ldi	r26, 0x31	; 49
    10fe:	b0 e0       	ldi	r27, 0x00	; 0
    1100:	e1 e3       	ldi	r30, 0x31	; 49
    1102:	f0 e0       	ldi	r31, 0x00	; 0
    1104:	80 81       	ld	r24, Z
    1106:	48 2f       	mov	r20, r24
    1108:	8a 81       	ldd	r24, Y+2	; 0x02
    110a:	88 2f       	mov	r24, r24
    110c:	90 e0       	ldi	r25, 0x00	; 0
    110e:	9c 01       	movw	r18, r24
    1110:	28 51       	subi	r18, 0x18	; 24
    1112:	30 40       	sbci	r19, 0x00	; 0
    1114:	81 e0       	ldi	r24, 0x01	; 1
    1116:	90 e0       	ldi	r25, 0x00	; 0
    1118:	02 2e       	mov	r0, r18
    111a:	02 c0       	rjmp	.+4      	; 0x1120 <DIO_VidSetPinDir+0x1b0>
    111c:	88 0f       	add	r24, r24
    111e:	99 1f       	adc	r25, r25
    1120:	0a 94       	dec	r0
    1122:	e2 f7       	brpl	.-8      	; 0x111c <DIO_VidSetPinDir+0x1ac>
    1124:	80 95       	com	r24
    1126:	84 23       	and	r24, r20
    1128:	8c 93       	st	X, r24
		}
 }
}
    112a:	0f 90       	pop	r0
    112c:	0f 90       	pop	r0
    112e:	cf 91       	pop	r28
    1130:	df 91       	pop	r29
    1132:	08 95       	ret

00001134 <DIO_VidSetPinVal>:
//----------------------------------------------------//
void DIO_VidSetPinVal(u8 u8CopyPin,u8 u8CopyVal){
    1134:	df 93       	push	r29
    1136:	cf 93       	push	r28
    1138:	00 d0       	rcall	.+0      	; 0x113a <DIO_VidSetPinVal+0x6>
    113a:	cd b7       	in	r28, 0x3d	; 61
    113c:	de b7       	in	r29, 0x3e	; 62
    113e:	89 83       	std	Y+1, r24	; 0x01
    1140:	6a 83       	std	Y+2, r22	; 0x02

	if ((u8CopyPin<=PinA7) && (u8CopyPin>=PinA0)){
    1142:	89 81       	ldd	r24, Y+1	; 0x01
    1144:	88 30       	cpi	r24, 0x08	; 8
    1146:	08 f0       	brcs	.+2      	; 0x114a <DIO_VidSetPinVal+0x16>
    1148:	47 c0       	rjmp	.+142    	; 0x11d8 <DIO_VidSetPinVal+0xa4>
		if (u8CopyVal == High_Pin_Val){
    114a:	8a 81       	ldd	r24, Y+2	; 0x02
    114c:	81 30       	cpi	r24, 0x01	; 1
    114e:	a1 f4       	brne	.+40     	; 0x1178 <DIO_VidSetPinVal+0x44>
			SET_BIT(PORTA_REG,u8CopyPin);
    1150:	ab e3       	ldi	r26, 0x3B	; 59
    1152:	b0 e0       	ldi	r27, 0x00	; 0
    1154:	eb e3       	ldi	r30, 0x3B	; 59
    1156:	f0 e0       	ldi	r31, 0x00	; 0
    1158:	80 81       	ld	r24, Z
    115a:	48 2f       	mov	r20, r24
    115c:	89 81       	ldd	r24, Y+1	; 0x01
    115e:	28 2f       	mov	r18, r24
    1160:	30 e0       	ldi	r19, 0x00	; 0
    1162:	81 e0       	ldi	r24, 0x01	; 1
    1164:	90 e0       	ldi	r25, 0x00	; 0
    1166:	02 2e       	mov	r0, r18
    1168:	02 c0       	rjmp	.+4      	; 0x116e <DIO_VidSetPinVal+0x3a>
    116a:	88 0f       	add	r24, r24
    116c:	99 1f       	adc	r25, r25
    116e:	0a 94       	dec	r0
    1170:	e2 f7       	brpl	.-8      	; 0x116a <DIO_VidSetPinVal+0x36>
    1172:	84 2b       	or	r24, r20
    1174:	8c 93       	st	X, r24
    1176:	36 c1       	rjmp	.+620    	; 0x13e4 <DIO_VidSetPinVal+0x2b0>
		}
		else if (u8CopyVal == Low_Pin_Val){
    1178:	8a 81       	ldd	r24, Y+2	; 0x02
    117a:	88 23       	and	r24, r24
    117c:	a9 f4       	brne	.+42     	; 0x11a8 <DIO_VidSetPinVal+0x74>
			CLR_BIT(PORTA_REG,u8CopyPin);
    117e:	ab e3       	ldi	r26, 0x3B	; 59
    1180:	b0 e0       	ldi	r27, 0x00	; 0
    1182:	eb e3       	ldi	r30, 0x3B	; 59
    1184:	f0 e0       	ldi	r31, 0x00	; 0
    1186:	80 81       	ld	r24, Z
    1188:	48 2f       	mov	r20, r24
    118a:	89 81       	ldd	r24, Y+1	; 0x01
    118c:	28 2f       	mov	r18, r24
    118e:	30 e0       	ldi	r19, 0x00	; 0
    1190:	81 e0       	ldi	r24, 0x01	; 1
    1192:	90 e0       	ldi	r25, 0x00	; 0
    1194:	02 2e       	mov	r0, r18
    1196:	02 c0       	rjmp	.+4      	; 0x119c <DIO_VidSetPinVal+0x68>
    1198:	88 0f       	add	r24, r24
    119a:	99 1f       	adc	r25, r25
    119c:	0a 94       	dec	r0
    119e:	e2 f7       	brpl	.-8      	; 0x1198 <DIO_VidSetPinVal+0x64>
    11a0:	80 95       	com	r24
    11a2:	84 23       	and	r24, r20
    11a4:	8c 93       	st	X, r24
    11a6:	1e c1       	rjmp	.+572    	; 0x13e4 <DIO_VidSetPinVal+0x2b0>
		}
		else if (u8CopyVal == Toggle_Pin_Val){
    11a8:	8a 81       	ldd	r24, Y+2	; 0x02
    11aa:	82 30       	cpi	r24, 0x02	; 2
    11ac:	09 f0       	breq	.+2      	; 0x11b0 <DIO_VidSetPinVal+0x7c>
    11ae:	1a c1       	rjmp	.+564    	; 0x13e4 <DIO_VidSetPinVal+0x2b0>
			TOG_BIT(PORTA_REG,u8CopyPin);
    11b0:	ab e3       	ldi	r26, 0x3B	; 59
    11b2:	b0 e0       	ldi	r27, 0x00	; 0
    11b4:	eb e3       	ldi	r30, 0x3B	; 59
    11b6:	f0 e0       	ldi	r31, 0x00	; 0
    11b8:	80 81       	ld	r24, Z
    11ba:	48 2f       	mov	r20, r24
    11bc:	89 81       	ldd	r24, Y+1	; 0x01
    11be:	28 2f       	mov	r18, r24
    11c0:	30 e0       	ldi	r19, 0x00	; 0
    11c2:	81 e0       	ldi	r24, 0x01	; 1
    11c4:	90 e0       	ldi	r25, 0x00	; 0
    11c6:	02 2e       	mov	r0, r18
    11c8:	02 c0       	rjmp	.+4      	; 0x11ce <DIO_VidSetPinVal+0x9a>
    11ca:	88 0f       	add	r24, r24
    11cc:	99 1f       	adc	r25, r25
    11ce:	0a 94       	dec	r0
    11d0:	e2 f7       	brpl	.-8      	; 0x11ca <DIO_VidSetPinVal+0x96>
    11d2:	84 27       	eor	r24, r20
    11d4:	8c 93       	st	X, r24
    11d6:	06 c1       	rjmp	.+524    	; 0x13e4 <DIO_VidSetPinVal+0x2b0>
		}
	 }

	else if ((u8CopyPin<=PinB7) && (u8CopyPin>=PinB0)){
    11d8:	89 81       	ldd	r24, Y+1	; 0x01
    11da:	80 31       	cpi	r24, 0x10	; 16
    11dc:	08 f0       	brcs	.+2      	; 0x11e0 <DIO_VidSetPinVal+0xac>
    11de:	54 c0       	rjmp	.+168    	; 0x1288 <DIO_VidSetPinVal+0x154>
    11e0:	89 81       	ldd	r24, Y+1	; 0x01
    11e2:	88 30       	cpi	r24, 0x08	; 8
    11e4:	08 f4       	brcc	.+2      	; 0x11e8 <DIO_VidSetPinVal+0xb4>
    11e6:	50 c0       	rjmp	.+160    	; 0x1288 <DIO_VidSetPinVal+0x154>
		if (u8CopyVal == High_Pin_Val){
    11e8:	8a 81       	ldd	r24, Y+2	; 0x02
    11ea:	81 30       	cpi	r24, 0x01	; 1
    11ec:	b9 f4       	brne	.+46     	; 0x121c <DIO_VidSetPinVal+0xe8>
				SET_BIT(PORTB_REG,(u8CopyPin - 8));
    11ee:	a8 e3       	ldi	r26, 0x38	; 56
    11f0:	b0 e0       	ldi	r27, 0x00	; 0
    11f2:	e8 e3       	ldi	r30, 0x38	; 56
    11f4:	f0 e0       	ldi	r31, 0x00	; 0
    11f6:	80 81       	ld	r24, Z
    11f8:	48 2f       	mov	r20, r24
    11fa:	89 81       	ldd	r24, Y+1	; 0x01
    11fc:	88 2f       	mov	r24, r24
    11fe:	90 e0       	ldi	r25, 0x00	; 0
    1200:	9c 01       	movw	r18, r24
    1202:	28 50       	subi	r18, 0x08	; 8
    1204:	30 40       	sbci	r19, 0x00	; 0
    1206:	81 e0       	ldi	r24, 0x01	; 1
    1208:	90 e0       	ldi	r25, 0x00	; 0
    120a:	02 2e       	mov	r0, r18
    120c:	02 c0       	rjmp	.+4      	; 0x1212 <DIO_VidSetPinVal+0xde>
    120e:	88 0f       	add	r24, r24
    1210:	99 1f       	adc	r25, r25
    1212:	0a 94       	dec	r0
    1214:	e2 f7       	brpl	.-8      	; 0x120e <DIO_VidSetPinVal+0xda>
    1216:	84 2b       	or	r24, r20
    1218:	8c 93       	st	X, r24
    121a:	e4 c0       	rjmp	.+456    	; 0x13e4 <DIO_VidSetPinVal+0x2b0>
			}
			else if (u8CopyVal == Low_Pin_Val){
    121c:	8a 81       	ldd	r24, Y+2	; 0x02
    121e:	88 23       	and	r24, r24
    1220:	c1 f4       	brne	.+48     	; 0x1252 <DIO_VidSetPinVal+0x11e>
				CLR_BIT(PORTB_REG,(u8CopyPin - 8));
    1222:	a8 e3       	ldi	r26, 0x38	; 56
    1224:	b0 e0       	ldi	r27, 0x00	; 0
    1226:	e8 e3       	ldi	r30, 0x38	; 56
    1228:	f0 e0       	ldi	r31, 0x00	; 0
    122a:	80 81       	ld	r24, Z
    122c:	48 2f       	mov	r20, r24
    122e:	89 81       	ldd	r24, Y+1	; 0x01
    1230:	88 2f       	mov	r24, r24
    1232:	90 e0       	ldi	r25, 0x00	; 0
    1234:	9c 01       	movw	r18, r24
    1236:	28 50       	subi	r18, 0x08	; 8
    1238:	30 40       	sbci	r19, 0x00	; 0
    123a:	81 e0       	ldi	r24, 0x01	; 1
    123c:	90 e0       	ldi	r25, 0x00	; 0
    123e:	02 2e       	mov	r0, r18
    1240:	02 c0       	rjmp	.+4      	; 0x1246 <DIO_VidSetPinVal+0x112>
    1242:	88 0f       	add	r24, r24
    1244:	99 1f       	adc	r25, r25
    1246:	0a 94       	dec	r0
    1248:	e2 f7       	brpl	.-8      	; 0x1242 <DIO_VidSetPinVal+0x10e>
    124a:	80 95       	com	r24
    124c:	84 23       	and	r24, r20
    124e:	8c 93       	st	X, r24
    1250:	c9 c0       	rjmp	.+402    	; 0x13e4 <DIO_VidSetPinVal+0x2b0>
			}
			else if (u8CopyVal == Toggle_Pin_Val){
    1252:	8a 81       	ldd	r24, Y+2	; 0x02
    1254:	82 30       	cpi	r24, 0x02	; 2
    1256:	09 f0       	breq	.+2      	; 0x125a <DIO_VidSetPinVal+0x126>
    1258:	c5 c0       	rjmp	.+394    	; 0x13e4 <DIO_VidSetPinVal+0x2b0>
				TOG_BIT(PORTB_REG,(u8CopyPin - 8));
    125a:	a8 e3       	ldi	r26, 0x38	; 56
    125c:	b0 e0       	ldi	r27, 0x00	; 0
    125e:	e8 e3       	ldi	r30, 0x38	; 56
    1260:	f0 e0       	ldi	r31, 0x00	; 0
    1262:	80 81       	ld	r24, Z
    1264:	48 2f       	mov	r20, r24
    1266:	89 81       	ldd	r24, Y+1	; 0x01
    1268:	88 2f       	mov	r24, r24
    126a:	90 e0       	ldi	r25, 0x00	; 0
    126c:	9c 01       	movw	r18, r24
    126e:	28 50       	subi	r18, 0x08	; 8
    1270:	30 40       	sbci	r19, 0x00	; 0
    1272:	81 e0       	ldi	r24, 0x01	; 1
    1274:	90 e0       	ldi	r25, 0x00	; 0
    1276:	02 2e       	mov	r0, r18
    1278:	02 c0       	rjmp	.+4      	; 0x127e <DIO_VidSetPinVal+0x14a>
    127a:	88 0f       	add	r24, r24
    127c:	99 1f       	adc	r25, r25
    127e:	0a 94       	dec	r0
    1280:	e2 f7       	brpl	.-8      	; 0x127a <DIO_VidSetPinVal+0x146>
    1282:	84 27       	eor	r24, r20
    1284:	8c 93       	st	X, r24
    1286:	ae c0       	rjmp	.+348    	; 0x13e4 <DIO_VidSetPinVal+0x2b0>
			}
	 }

	else if ((u8CopyPin<=PinC7) && (u8CopyPin>=PinC0)){
    1288:	89 81       	ldd	r24, Y+1	; 0x01
    128a:	88 31       	cpi	r24, 0x18	; 24
    128c:	08 f0       	brcs	.+2      	; 0x1290 <DIO_VidSetPinVal+0x15c>
    128e:	54 c0       	rjmp	.+168    	; 0x1338 <DIO_VidSetPinVal+0x204>
    1290:	89 81       	ldd	r24, Y+1	; 0x01
    1292:	80 31       	cpi	r24, 0x10	; 16
    1294:	08 f4       	brcc	.+2      	; 0x1298 <DIO_VidSetPinVal+0x164>
    1296:	50 c0       	rjmp	.+160    	; 0x1338 <DIO_VidSetPinVal+0x204>
		if (u8CopyVal == High_Pin_Val){
    1298:	8a 81       	ldd	r24, Y+2	; 0x02
    129a:	81 30       	cpi	r24, 0x01	; 1
    129c:	b9 f4       	brne	.+46     	; 0x12cc <DIO_VidSetPinVal+0x198>
				SET_BIT(PORTC_REG,(u8CopyPin - 16));
    129e:	a5 e3       	ldi	r26, 0x35	; 53
    12a0:	b0 e0       	ldi	r27, 0x00	; 0
    12a2:	e5 e3       	ldi	r30, 0x35	; 53
    12a4:	f0 e0       	ldi	r31, 0x00	; 0
    12a6:	80 81       	ld	r24, Z
    12a8:	48 2f       	mov	r20, r24
    12aa:	89 81       	ldd	r24, Y+1	; 0x01
    12ac:	88 2f       	mov	r24, r24
    12ae:	90 e0       	ldi	r25, 0x00	; 0
    12b0:	9c 01       	movw	r18, r24
    12b2:	20 51       	subi	r18, 0x10	; 16
    12b4:	30 40       	sbci	r19, 0x00	; 0
    12b6:	81 e0       	ldi	r24, 0x01	; 1
    12b8:	90 e0       	ldi	r25, 0x00	; 0
    12ba:	02 2e       	mov	r0, r18
    12bc:	02 c0       	rjmp	.+4      	; 0x12c2 <DIO_VidSetPinVal+0x18e>
    12be:	88 0f       	add	r24, r24
    12c0:	99 1f       	adc	r25, r25
    12c2:	0a 94       	dec	r0
    12c4:	e2 f7       	brpl	.-8      	; 0x12be <DIO_VidSetPinVal+0x18a>
    12c6:	84 2b       	or	r24, r20
    12c8:	8c 93       	st	X, r24
    12ca:	8c c0       	rjmp	.+280    	; 0x13e4 <DIO_VidSetPinVal+0x2b0>
			}
		else if (u8CopyVal == Low_Pin_Val){
    12cc:	8a 81       	ldd	r24, Y+2	; 0x02
    12ce:	88 23       	and	r24, r24
    12d0:	c1 f4       	brne	.+48     	; 0x1302 <DIO_VidSetPinVal+0x1ce>
						CLR_BIT(PORTC_REG,(u8CopyPin - 16));
    12d2:	a5 e3       	ldi	r26, 0x35	; 53
    12d4:	b0 e0       	ldi	r27, 0x00	; 0
    12d6:	e5 e3       	ldi	r30, 0x35	; 53
    12d8:	f0 e0       	ldi	r31, 0x00	; 0
    12da:	80 81       	ld	r24, Z
    12dc:	48 2f       	mov	r20, r24
    12de:	89 81       	ldd	r24, Y+1	; 0x01
    12e0:	88 2f       	mov	r24, r24
    12e2:	90 e0       	ldi	r25, 0x00	; 0
    12e4:	9c 01       	movw	r18, r24
    12e6:	20 51       	subi	r18, 0x10	; 16
    12e8:	30 40       	sbci	r19, 0x00	; 0
    12ea:	81 e0       	ldi	r24, 0x01	; 1
    12ec:	90 e0       	ldi	r25, 0x00	; 0
    12ee:	02 2e       	mov	r0, r18
    12f0:	02 c0       	rjmp	.+4      	; 0x12f6 <DIO_VidSetPinVal+0x1c2>
    12f2:	88 0f       	add	r24, r24
    12f4:	99 1f       	adc	r25, r25
    12f6:	0a 94       	dec	r0
    12f8:	e2 f7       	brpl	.-8      	; 0x12f2 <DIO_VidSetPinVal+0x1be>
    12fa:	80 95       	com	r24
    12fc:	84 23       	and	r24, r20
    12fe:	8c 93       	st	X, r24
    1300:	71 c0       	rjmp	.+226    	; 0x13e4 <DIO_VidSetPinVal+0x2b0>
					}
					else if (u8CopyVal == Toggle_Pin_Val){
    1302:	8a 81       	ldd	r24, Y+2	; 0x02
    1304:	82 30       	cpi	r24, 0x02	; 2
    1306:	09 f0       	breq	.+2      	; 0x130a <DIO_VidSetPinVal+0x1d6>
    1308:	6d c0       	rjmp	.+218    	; 0x13e4 <DIO_VidSetPinVal+0x2b0>
						TOG_BIT(PORTC_REG,(u8CopyPin - 16));
    130a:	a5 e3       	ldi	r26, 0x35	; 53
    130c:	b0 e0       	ldi	r27, 0x00	; 0
    130e:	e5 e3       	ldi	r30, 0x35	; 53
    1310:	f0 e0       	ldi	r31, 0x00	; 0
    1312:	80 81       	ld	r24, Z
    1314:	48 2f       	mov	r20, r24
    1316:	89 81       	ldd	r24, Y+1	; 0x01
    1318:	88 2f       	mov	r24, r24
    131a:	90 e0       	ldi	r25, 0x00	; 0
    131c:	9c 01       	movw	r18, r24
    131e:	20 51       	subi	r18, 0x10	; 16
    1320:	30 40       	sbci	r19, 0x00	; 0
    1322:	81 e0       	ldi	r24, 0x01	; 1
    1324:	90 e0       	ldi	r25, 0x00	; 0
    1326:	02 2e       	mov	r0, r18
    1328:	02 c0       	rjmp	.+4      	; 0x132e <DIO_VidSetPinVal+0x1fa>
    132a:	88 0f       	add	r24, r24
    132c:	99 1f       	adc	r25, r25
    132e:	0a 94       	dec	r0
    1330:	e2 f7       	brpl	.-8      	; 0x132a <DIO_VidSetPinVal+0x1f6>
    1332:	84 27       	eor	r24, r20
    1334:	8c 93       	st	X, r24
    1336:	56 c0       	rjmp	.+172    	; 0x13e4 <DIO_VidSetPinVal+0x2b0>
					}
	 }

	else if ((u8CopyPin<=PinD7) && (u8CopyPin>=PinD0)){
    1338:	89 81       	ldd	r24, Y+1	; 0x01
    133a:	80 32       	cpi	r24, 0x20	; 32
    133c:	08 f0       	brcs	.+2      	; 0x1340 <DIO_VidSetPinVal+0x20c>
    133e:	52 c0       	rjmp	.+164    	; 0x13e4 <DIO_VidSetPinVal+0x2b0>
    1340:	89 81       	ldd	r24, Y+1	; 0x01
    1342:	88 31       	cpi	r24, 0x18	; 24
    1344:	08 f4       	brcc	.+2      	; 0x1348 <DIO_VidSetPinVal+0x214>
    1346:	4e c0       	rjmp	.+156    	; 0x13e4 <DIO_VidSetPinVal+0x2b0>
		if (u8CopyVal == High_Pin_Val){
    1348:	8a 81       	ldd	r24, Y+2	; 0x02
    134a:	81 30       	cpi	r24, 0x01	; 1
    134c:	b9 f4       	brne	.+46     	; 0x137c <DIO_VidSetPinVal+0x248>
				SET_BIT(PORTD_REG,(u8CopyPin - 24));
    134e:	a2 e3       	ldi	r26, 0x32	; 50
    1350:	b0 e0       	ldi	r27, 0x00	; 0
    1352:	e2 e3       	ldi	r30, 0x32	; 50
    1354:	f0 e0       	ldi	r31, 0x00	; 0
    1356:	80 81       	ld	r24, Z
    1358:	48 2f       	mov	r20, r24
    135a:	89 81       	ldd	r24, Y+1	; 0x01
    135c:	88 2f       	mov	r24, r24
    135e:	90 e0       	ldi	r25, 0x00	; 0
    1360:	9c 01       	movw	r18, r24
    1362:	28 51       	subi	r18, 0x18	; 24
    1364:	30 40       	sbci	r19, 0x00	; 0
    1366:	81 e0       	ldi	r24, 0x01	; 1
    1368:	90 e0       	ldi	r25, 0x00	; 0
    136a:	02 2e       	mov	r0, r18
    136c:	02 c0       	rjmp	.+4      	; 0x1372 <DIO_VidSetPinVal+0x23e>
    136e:	88 0f       	add	r24, r24
    1370:	99 1f       	adc	r25, r25
    1372:	0a 94       	dec	r0
    1374:	e2 f7       	brpl	.-8      	; 0x136e <DIO_VidSetPinVal+0x23a>
    1376:	84 2b       	or	r24, r20
    1378:	8c 93       	st	X, r24
    137a:	34 c0       	rjmp	.+104    	; 0x13e4 <DIO_VidSetPinVal+0x2b0>
			}
		else if (u8CopyVal == Low_Pin_Val){
    137c:	8a 81       	ldd	r24, Y+2	; 0x02
    137e:	88 23       	and	r24, r24
    1380:	c1 f4       	brne	.+48     	; 0x13b2 <DIO_VidSetPinVal+0x27e>
								CLR_BIT(PORTD_REG,(u8CopyPin - 24));
    1382:	a2 e3       	ldi	r26, 0x32	; 50
    1384:	b0 e0       	ldi	r27, 0x00	; 0
    1386:	e2 e3       	ldi	r30, 0x32	; 50
    1388:	f0 e0       	ldi	r31, 0x00	; 0
    138a:	80 81       	ld	r24, Z
    138c:	48 2f       	mov	r20, r24
    138e:	89 81       	ldd	r24, Y+1	; 0x01
    1390:	88 2f       	mov	r24, r24
    1392:	90 e0       	ldi	r25, 0x00	; 0
    1394:	9c 01       	movw	r18, r24
    1396:	28 51       	subi	r18, 0x18	; 24
    1398:	30 40       	sbci	r19, 0x00	; 0
    139a:	81 e0       	ldi	r24, 0x01	; 1
    139c:	90 e0       	ldi	r25, 0x00	; 0
    139e:	02 2e       	mov	r0, r18
    13a0:	02 c0       	rjmp	.+4      	; 0x13a6 <DIO_VidSetPinVal+0x272>
    13a2:	88 0f       	add	r24, r24
    13a4:	99 1f       	adc	r25, r25
    13a6:	0a 94       	dec	r0
    13a8:	e2 f7       	brpl	.-8      	; 0x13a2 <DIO_VidSetPinVal+0x26e>
    13aa:	80 95       	com	r24
    13ac:	84 23       	and	r24, r20
    13ae:	8c 93       	st	X, r24
    13b0:	19 c0       	rjmp	.+50     	; 0x13e4 <DIO_VidSetPinVal+0x2b0>
							}
							else if (u8CopyVal == Toggle_Pin_Val){
    13b2:	8a 81       	ldd	r24, Y+2	; 0x02
    13b4:	82 30       	cpi	r24, 0x02	; 2
    13b6:	b1 f4       	brne	.+44     	; 0x13e4 <DIO_VidSetPinVal+0x2b0>
								TOG_BIT(PORTD_REG,(u8CopyPin - 24));
    13b8:	a2 e3       	ldi	r26, 0x32	; 50
    13ba:	b0 e0       	ldi	r27, 0x00	; 0
    13bc:	e2 e3       	ldi	r30, 0x32	; 50
    13be:	f0 e0       	ldi	r31, 0x00	; 0
    13c0:	80 81       	ld	r24, Z
    13c2:	48 2f       	mov	r20, r24
    13c4:	89 81       	ldd	r24, Y+1	; 0x01
    13c6:	88 2f       	mov	r24, r24
    13c8:	90 e0       	ldi	r25, 0x00	; 0
    13ca:	9c 01       	movw	r18, r24
    13cc:	28 51       	subi	r18, 0x18	; 24
    13ce:	30 40       	sbci	r19, 0x00	; 0
    13d0:	81 e0       	ldi	r24, 0x01	; 1
    13d2:	90 e0       	ldi	r25, 0x00	; 0
    13d4:	02 2e       	mov	r0, r18
    13d6:	02 c0       	rjmp	.+4      	; 0x13dc <DIO_VidSetPinVal+0x2a8>
    13d8:	88 0f       	add	r24, r24
    13da:	99 1f       	adc	r25, r25
    13dc:	0a 94       	dec	r0
    13de:	e2 f7       	brpl	.-8      	; 0x13d8 <DIO_VidSetPinVal+0x2a4>
    13e0:	84 27       	eor	r24, r20
    13e2:	8c 93       	st	X, r24
							}
	 }
}
    13e4:	0f 90       	pop	r0
    13e6:	0f 90       	pop	r0
    13e8:	cf 91       	pop	r28
    13ea:	df 91       	pop	r29
    13ec:	08 95       	ret

000013ee <DIO_u8GetPinVal>:
//------------------------------------------------------//
u8   DIO_u8GetPinVal(u8 u8CopyPin){
    13ee:	df 93       	push	r29
    13f0:	cf 93       	push	r28
    13f2:	00 d0       	rcall	.+0      	; 0x13f4 <DIO_u8GetPinVal+0x6>
    13f4:	cd b7       	in	r28, 0x3d	; 61
    13f6:	de b7       	in	r29, 0x3e	; 62
    13f8:	89 83       	std	Y+1, r24	; 0x01

	if ((u8CopyPin<=PinA7) && (u8CopyPin>=PinA0)){
    13fa:	89 81       	ldd	r24, Y+1	; 0x01
    13fc:	88 30       	cpi	r24, 0x08	; 8
    13fe:	98 f4       	brcc	.+38     	; 0x1426 <DIO_u8GetPinVal+0x38>
			return GET_BIT(PINA_REG,u8CopyPin);
    1400:	e9 e3       	ldi	r30, 0x39	; 57
    1402:	f0 e0       	ldi	r31, 0x00	; 0
    1404:	80 81       	ld	r24, Z
    1406:	28 2f       	mov	r18, r24
    1408:	30 e0       	ldi	r19, 0x00	; 0
    140a:	89 81       	ldd	r24, Y+1	; 0x01
    140c:	88 2f       	mov	r24, r24
    140e:	90 e0       	ldi	r25, 0x00	; 0
    1410:	a9 01       	movw	r20, r18
    1412:	02 c0       	rjmp	.+4      	; 0x1418 <DIO_u8GetPinVal+0x2a>
    1414:	55 95       	asr	r21
    1416:	47 95       	ror	r20
    1418:	8a 95       	dec	r24
    141a:	e2 f7       	brpl	.-8      	; 0x1414 <DIO_u8GetPinVal+0x26>
    141c:	ca 01       	movw	r24, r20
    141e:	58 2f       	mov	r21, r24
    1420:	51 70       	andi	r21, 0x01	; 1
    1422:	5a 83       	std	Y+2, r21	; 0x02
    1424:	59 c0       	rjmp	.+178    	; 0x14d8 <DIO_u8GetPinVal+0xea>
		 }

		else if ((u8CopyPin<=PinB7) && (u8CopyPin>=PinB0)){
    1426:	89 81       	ldd	r24, Y+1	; 0x01
    1428:	80 31       	cpi	r24, 0x10	; 16
    142a:	d8 f4       	brcc	.+54     	; 0x1462 <DIO_u8GetPinVal+0x74>
    142c:	89 81       	ldd	r24, Y+1	; 0x01
    142e:	88 30       	cpi	r24, 0x08	; 8
    1430:	c0 f0       	brcs	.+48     	; 0x1462 <DIO_u8GetPinVal+0x74>
			if (u8CopyPin<=PinB7){
    1432:	89 81       	ldd	r24, Y+1	; 0x01
    1434:	80 31       	cpi	r24, 0x10	; 16
    1436:	08 f0       	brcs	.+2      	; 0x143a <DIO_u8GetPinVal+0x4c>
    1438:	4e c0       	rjmp	.+156    	; 0x14d6 <DIO_u8GetPinVal+0xe8>
						return GET_BIT(PINB_REG,(u8CopyPin - 8));
    143a:	e6 e3       	ldi	r30, 0x36	; 54
    143c:	f0 e0       	ldi	r31, 0x00	; 0
    143e:	80 81       	ld	r24, Z
    1440:	28 2f       	mov	r18, r24
    1442:	30 e0       	ldi	r19, 0x00	; 0
    1444:	89 81       	ldd	r24, Y+1	; 0x01
    1446:	88 2f       	mov	r24, r24
    1448:	90 e0       	ldi	r25, 0x00	; 0
    144a:	08 97       	sbiw	r24, 0x08	; 8
    144c:	a9 01       	movw	r20, r18
    144e:	02 c0       	rjmp	.+4      	; 0x1454 <DIO_u8GetPinVal+0x66>
    1450:	55 95       	asr	r21
    1452:	47 95       	ror	r20
    1454:	8a 95       	dec	r24
    1456:	e2 f7       	brpl	.-8      	; 0x1450 <DIO_u8GetPinVal+0x62>
    1458:	ca 01       	movw	r24, r20
    145a:	58 2f       	mov	r21, r24
    145c:	51 70       	andi	r21, 0x01	; 1
    145e:	5a 83       	std	Y+2, r21	; 0x02
    1460:	3b c0       	rjmp	.+118    	; 0x14d8 <DIO_u8GetPinVal+0xea>
					 }
		 }

		else if ((u8CopyPin<=PinC7) && (u8CopyPin>=PinC0)){
    1462:	89 81       	ldd	r24, Y+1	; 0x01
    1464:	88 31       	cpi	r24, 0x18	; 24
    1466:	d0 f4       	brcc	.+52     	; 0x149c <DIO_u8GetPinVal+0xae>
    1468:	89 81       	ldd	r24, Y+1	; 0x01
    146a:	80 31       	cpi	r24, 0x10	; 16
    146c:	b8 f0       	brcs	.+46     	; 0x149c <DIO_u8GetPinVal+0xae>
			if (u8CopyPin<=PinC7){
    146e:	89 81       	ldd	r24, Y+1	; 0x01
    1470:	88 31       	cpi	r24, 0x18	; 24
    1472:	88 f5       	brcc	.+98     	; 0x14d6 <DIO_u8GetPinVal+0xe8>
						return GET_BIT(PINC_REG,(u8CopyPin - 16));
    1474:	e3 e3       	ldi	r30, 0x33	; 51
    1476:	f0 e0       	ldi	r31, 0x00	; 0
    1478:	80 81       	ld	r24, Z
    147a:	28 2f       	mov	r18, r24
    147c:	30 e0       	ldi	r19, 0x00	; 0
    147e:	89 81       	ldd	r24, Y+1	; 0x01
    1480:	88 2f       	mov	r24, r24
    1482:	90 e0       	ldi	r25, 0x00	; 0
    1484:	40 97       	sbiw	r24, 0x10	; 16
    1486:	a9 01       	movw	r20, r18
    1488:	02 c0       	rjmp	.+4      	; 0x148e <DIO_u8GetPinVal+0xa0>
    148a:	55 95       	asr	r21
    148c:	47 95       	ror	r20
    148e:	8a 95       	dec	r24
    1490:	e2 f7       	brpl	.-8      	; 0x148a <DIO_u8GetPinVal+0x9c>
    1492:	ca 01       	movw	r24, r20
    1494:	58 2f       	mov	r21, r24
    1496:	51 70       	andi	r21, 0x01	; 1
    1498:	5a 83       	std	Y+2, r21	; 0x02
    149a:	1e c0       	rjmp	.+60     	; 0x14d8 <DIO_u8GetPinVal+0xea>
					 }
		 }

		else if ((u8CopyPin<=PinD7) && (u8CopyPin>=PinD0)){
    149c:	89 81       	ldd	r24, Y+1	; 0x01
    149e:	80 32       	cpi	r24, 0x20	; 32
    14a0:	d0 f4       	brcc	.+52     	; 0x14d6 <DIO_u8GetPinVal+0xe8>
    14a2:	89 81       	ldd	r24, Y+1	; 0x01
    14a4:	88 31       	cpi	r24, 0x18	; 24
    14a6:	b8 f0       	brcs	.+46     	; 0x14d6 <DIO_u8GetPinVal+0xe8>
			if (u8CopyPin<=PinD7){
    14a8:	89 81       	ldd	r24, Y+1	; 0x01
    14aa:	80 32       	cpi	r24, 0x20	; 32
    14ac:	a0 f4       	brcc	.+40     	; 0x14d6 <DIO_u8GetPinVal+0xe8>
						return GET_BIT(PIND_REG,(u8CopyPin - 24));
    14ae:	e0 e3       	ldi	r30, 0x30	; 48
    14b0:	f0 e0       	ldi	r31, 0x00	; 0
    14b2:	80 81       	ld	r24, Z
    14b4:	28 2f       	mov	r18, r24
    14b6:	30 e0       	ldi	r19, 0x00	; 0
    14b8:	89 81       	ldd	r24, Y+1	; 0x01
    14ba:	88 2f       	mov	r24, r24
    14bc:	90 e0       	ldi	r25, 0x00	; 0
    14be:	48 97       	sbiw	r24, 0x18	; 24
    14c0:	a9 01       	movw	r20, r18
    14c2:	02 c0       	rjmp	.+4      	; 0x14c8 <DIO_u8GetPinVal+0xda>
    14c4:	55 95       	asr	r21
    14c6:	47 95       	ror	r20
    14c8:	8a 95       	dec	r24
    14ca:	e2 f7       	brpl	.-8      	; 0x14c4 <DIO_u8GetPinVal+0xd6>
    14cc:	ca 01       	movw	r24, r20
    14ce:	58 2f       	mov	r21, r24
    14d0:	51 70       	andi	r21, 0x01	; 1
    14d2:	5a 83       	std	Y+2, r21	; 0x02
    14d4:	01 c0       	rjmp	.+2      	; 0x14d8 <DIO_u8GetPinVal+0xea>
					 }
		 }
	return 0;
    14d6:	1a 82       	std	Y+2, r1	; 0x02
    14d8:	8a 81       	ldd	r24, Y+2	; 0x02
}
    14da:	0f 90       	pop	r0
    14dc:	0f 90       	pop	r0
    14de:	cf 91       	pop	r28
    14e0:	df 91       	pop	r29
    14e2:	08 95       	ret

000014e4 <DIO_VidSetPinsDir>:
//-----------------------------------------------------//
// for multiple pin from different ports at the same time //


void DIO_VidSetPinsDir(u8 *u8ARR_Pins,u8 u8CopyBound,u8 u8CopyDir){
    14e4:	df 93       	push	r29
    14e6:	cf 93       	push	r28
    14e8:	00 d0       	rcall	.+0      	; 0x14ea <DIO_VidSetPinsDir+0x6>
    14ea:	00 d0       	rcall	.+0      	; 0x14ec <DIO_VidSetPinsDir+0x8>
    14ec:	0f 92       	push	r0
    14ee:	cd b7       	in	r28, 0x3d	; 61
    14f0:	de b7       	in	r29, 0x3e	; 62
    14f2:	9b 83       	std	Y+3, r25	; 0x03
    14f4:	8a 83       	std	Y+2, r24	; 0x02
    14f6:	6c 83       	std	Y+4, r22	; 0x04
    14f8:	4d 83       	std	Y+5, r20	; 0x05
	u8 i = 0;
    14fa:	19 82       	std	Y+1, r1	; 0x01
	for (i=0;i<u8CopyBound;i++){
    14fc:	19 82       	std	Y+1, r1	; 0x01
    14fe:	0f c0       	rjmp	.+30     	; 0x151e <DIO_VidSetPinsDir+0x3a>
		DIO_VidSetPinDir(u8ARR_Pins[i],u8CopyDir);
    1500:	89 81       	ldd	r24, Y+1	; 0x01
    1502:	28 2f       	mov	r18, r24
    1504:	30 e0       	ldi	r19, 0x00	; 0
    1506:	8a 81       	ldd	r24, Y+2	; 0x02
    1508:	9b 81       	ldd	r25, Y+3	; 0x03
    150a:	fc 01       	movw	r30, r24
    150c:	e2 0f       	add	r30, r18
    150e:	f3 1f       	adc	r31, r19
    1510:	80 81       	ld	r24, Z
    1512:	6d 81       	ldd	r22, Y+5	; 0x05
    1514:	0e 94 b8 07 	call	0xf70	; 0xf70 <DIO_VidSetPinDir>
// for multiple pin from different ports at the same time //


void DIO_VidSetPinsDir(u8 *u8ARR_Pins,u8 u8CopyBound,u8 u8CopyDir){
	u8 i = 0;
	for (i=0;i<u8CopyBound;i++){
    1518:	89 81       	ldd	r24, Y+1	; 0x01
    151a:	8f 5f       	subi	r24, 0xFF	; 255
    151c:	89 83       	std	Y+1, r24	; 0x01
    151e:	99 81       	ldd	r25, Y+1	; 0x01
    1520:	8c 81       	ldd	r24, Y+4	; 0x04
    1522:	98 17       	cp	r25, r24
    1524:	68 f3       	brcs	.-38     	; 0x1500 <DIO_VidSetPinsDir+0x1c>
		DIO_VidSetPinDir(u8ARR_Pins[i],u8CopyDir);
	}
}
    1526:	0f 90       	pop	r0
    1528:	0f 90       	pop	r0
    152a:	0f 90       	pop	r0
    152c:	0f 90       	pop	r0
    152e:	0f 90       	pop	r0
    1530:	cf 91       	pop	r28
    1532:	df 91       	pop	r29
    1534:	08 95       	ret

00001536 <DIO_VidSetPinsVal>:

//------------------------------------------------//
void DIO_VidSetPinsVal(u8 *u8ARR_Pins,u8 u8CopyBound,u8 u8CopyVal){
    1536:	df 93       	push	r29
    1538:	cf 93       	push	r28
    153a:	00 d0       	rcall	.+0      	; 0x153c <DIO_VidSetPinsVal+0x6>
    153c:	00 d0       	rcall	.+0      	; 0x153e <DIO_VidSetPinsVal+0x8>
    153e:	0f 92       	push	r0
    1540:	cd b7       	in	r28, 0x3d	; 61
    1542:	de b7       	in	r29, 0x3e	; 62
    1544:	9b 83       	std	Y+3, r25	; 0x03
    1546:	8a 83       	std	Y+2, r24	; 0x02
    1548:	6c 83       	std	Y+4, r22	; 0x04
    154a:	4d 83       	std	Y+5, r20	; 0x05
	u8 i = 0;
    154c:	19 82       	std	Y+1, r1	; 0x01
		for (i=0;i<u8CopyBound;i++){
    154e:	19 82       	std	Y+1, r1	; 0x01
    1550:	0f c0       	rjmp	.+30     	; 0x1570 <DIO_VidSetPinsVal+0x3a>
			DIO_VidSetPinVal(u8ARR_Pins[i],u8CopyVal);
    1552:	89 81       	ldd	r24, Y+1	; 0x01
    1554:	28 2f       	mov	r18, r24
    1556:	30 e0       	ldi	r19, 0x00	; 0
    1558:	8a 81       	ldd	r24, Y+2	; 0x02
    155a:	9b 81       	ldd	r25, Y+3	; 0x03
    155c:	fc 01       	movw	r30, r24
    155e:	e2 0f       	add	r30, r18
    1560:	f3 1f       	adc	r31, r19
    1562:	80 81       	ld	r24, Z
    1564:	6d 81       	ldd	r22, Y+5	; 0x05
    1566:	0e 94 9a 08 	call	0x1134	; 0x1134 <DIO_VidSetPinVal>
}

//------------------------------------------------//
void DIO_VidSetPinsVal(u8 *u8ARR_Pins,u8 u8CopyBound,u8 u8CopyVal){
	u8 i = 0;
		for (i=0;i<u8CopyBound;i++){
    156a:	89 81       	ldd	r24, Y+1	; 0x01
    156c:	8f 5f       	subi	r24, 0xFF	; 255
    156e:	89 83       	std	Y+1, r24	; 0x01
    1570:	99 81       	ldd	r25, Y+1	; 0x01
    1572:	8c 81       	ldd	r24, Y+4	; 0x04
    1574:	98 17       	cp	r25, r24
    1576:	68 f3       	brcs	.-38     	; 0x1552 <DIO_VidSetPinsVal+0x1c>
			DIO_VidSetPinVal(u8ARR_Pins[i],u8CopyVal);
		}
}
    1578:	0f 90       	pop	r0
    157a:	0f 90       	pop	r0
    157c:	0f 90       	pop	r0
    157e:	0f 90       	pop	r0
    1580:	0f 90       	pop	r0
    1582:	cf 91       	pop	r28
    1584:	df 91       	pop	r29
    1586:	08 95       	ret

00001588 <SEG7_Vid_init_DDR>:
#include "SEG_7_priviteconfig.h"
#include "SEG_7_init.h"

#if SEG_type == cathode_mode

void SEG7_Vid_init_DDR(){
    1588:	df 93       	push	r29
    158a:	cf 93       	push	r28
    158c:	cd b7       	in	r28, 0x3d	; 61
    158e:	de b7       	in	r29, 0x3e	; 62
	DIO_VidSetPinsDir(SEG_ARR_Pins , 7 , Output_DDR_Pin );
    1590:	88 e6       	ldi	r24, 0x68	; 104
    1592:	91 e0       	ldi	r25, 0x01	; 1
    1594:	67 e0       	ldi	r22, 0x07	; 7
    1596:	41 e0       	ldi	r20, 0x01	; 1
    1598:	0e 94 72 0a 	call	0x14e4	; 0x14e4 <DIO_VidSetPinsDir>
	DIO_VidSetPinDir(Segment_act_1,Output_DDR_Pin);
    159c:	89 e0       	ldi	r24, 0x09	; 9
    159e:	61 e0       	ldi	r22, 0x01	; 1
    15a0:	0e 94 b8 07 	call	0xf70	; 0xf70 <DIO_VidSetPinDir>
	DIO_VidSetPinDir(Segment_act_2,Output_DDR_Pin);
    15a4:	8a e0       	ldi	r24, 0x0A	; 10
    15a6:	61 e0       	ldi	r22, 0x01	; 1
    15a8:	0e 94 b8 07 	call	0xf70	; 0xf70 <DIO_VidSetPinDir>

}
    15ac:	cf 91       	pop	r28
    15ae:	df 91       	pop	r29
    15b0:	08 95       	ret

000015b2 <SEG7_Vid_writedata>:
//--------------------------------------------------------//
void SEG7_Vid_writedata(u8 u8Copydata){
    15b2:	df 93       	push	r29
    15b4:	cf 93       	push	r28
    15b6:	00 d0       	rcall	.+0      	; 0x15b8 <SEG7_Vid_writedata+0x6>
    15b8:	cd b7       	in	r28, 0x3d	; 61
    15ba:	de b7       	in	r29, 0x3e	; 62
    15bc:	8a 83       	std	Y+2, r24	; 0x02

    	  for (u8 i=0;i<7;i++){
    15be:	19 82       	std	Y+1, r1	; 0x01
    15c0:	23 c0       	rjmp	.+70     	; 0x1608 <SEG7_Vid_writedata+0x56>
    	      	  DIO_VidSetPinVal(SEG_ARR_Pins[i],GET_BIT(DSEG[u8Copydata],i));
    15c2:	89 81       	ldd	r24, Y+1	; 0x01
    15c4:	88 2f       	mov	r24, r24
    15c6:	90 e0       	ldi	r25, 0x00	; 0
    15c8:	fc 01       	movw	r30, r24
    15ca:	e8 59       	subi	r30, 0x98	; 152
    15cc:	fe 4f       	sbci	r31, 0xFE	; 254
    15ce:	40 81       	ld	r20, Z
    15d0:	8a 81       	ldd	r24, Y+2	; 0x02
    15d2:	88 2f       	mov	r24, r24
    15d4:	90 e0       	ldi	r25, 0x00	; 0
    15d6:	fc 01       	movw	r30, r24
    15d8:	e1 59       	subi	r30, 0x91	; 145
    15da:	fe 4f       	sbci	r31, 0xFE	; 254
    15dc:	80 81       	ld	r24, Z
    15de:	28 2f       	mov	r18, r24
    15e0:	30 e0       	ldi	r19, 0x00	; 0
    15e2:	89 81       	ldd	r24, Y+1	; 0x01
    15e4:	88 2f       	mov	r24, r24
    15e6:	90 e0       	ldi	r25, 0x00	; 0
    15e8:	b9 01       	movw	r22, r18
    15ea:	02 c0       	rjmp	.+4      	; 0x15f0 <SEG7_Vid_writedata+0x3e>
    15ec:	75 95       	asr	r23
    15ee:	67 95       	ror	r22
    15f0:	8a 95       	dec	r24
    15f2:	e2 f7       	brpl	.-8      	; 0x15ec <SEG7_Vid_writedata+0x3a>
    15f4:	cb 01       	movw	r24, r22
    15f6:	98 2f       	mov	r25, r24
    15f8:	91 70       	andi	r25, 0x01	; 1
    15fa:	84 2f       	mov	r24, r20
    15fc:	69 2f       	mov	r22, r25
    15fe:	0e 94 9a 08 	call	0x1134	; 0x1134 <DIO_VidSetPinVal>

}
//--------------------------------------------------------//
void SEG7_Vid_writedata(u8 u8Copydata){

    	  for (u8 i=0;i<7;i++){
    1602:	89 81       	ldd	r24, Y+1	; 0x01
    1604:	8f 5f       	subi	r24, 0xFF	; 255
    1606:	89 83       	std	Y+1, r24	; 0x01
    1608:	89 81       	ldd	r24, Y+1	; 0x01
    160a:	87 30       	cpi	r24, 0x07	; 7
    160c:	d0 f2       	brcs	.-76     	; 0x15c2 <SEG7_Vid_writedata+0x10>
    	      	  DIO_VidSetPinVal(SEG_ARR_Pins[i],GET_BIT(DSEG[u8Copydata],i));
    	        }


}
    160e:	0f 90       	pop	r0
    1610:	0f 90       	pop	r0
    1612:	cf 91       	pop	r28
    1614:	df 91       	pop	r29
    1616:	08 95       	ret

00001618 <SEG7_Vid_enabledisable>:
void SEG7_Vid_enabledisable(u8 u8CopySegment,u8 u8CopyMode){
    1618:	df 93       	push	r29
    161a:	cf 93       	push	r28
    161c:	00 d0       	rcall	.+0      	; 0x161e <SEG7_Vid_enabledisable+0x6>
    161e:	00 d0       	rcall	.+0      	; 0x1620 <SEG7_Vid_enabledisable+0x8>
    1620:	cd b7       	in	r28, 0x3d	; 61
    1622:	de b7       	in	r29, 0x3e	; 62
    1624:	89 83       	std	Y+1, r24	; 0x01
    1626:	6a 83       	std	Y+2, r22	; 0x02
	switch (u8CopySegment){
    1628:	89 81       	ldd	r24, Y+1	; 0x01
    162a:	28 2f       	mov	r18, r24
    162c:	30 e0       	ldi	r19, 0x00	; 0
    162e:	3c 83       	std	Y+4, r19	; 0x04
    1630:	2b 83       	std	Y+3, r18	; 0x03
    1632:	8b 81       	ldd	r24, Y+3	; 0x03
    1634:	9c 81       	ldd	r25, Y+4	; 0x04
    1636:	00 97       	sbiw	r24, 0x00	; 0
    1638:	31 f0       	breq	.+12     	; 0x1646 <SEG7_Vid_enabledisable+0x2e>
    163a:	2b 81       	ldd	r18, Y+3	; 0x03
    163c:	3c 81       	ldd	r19, Y+4	; 0x04
    163e:	21 30       	cpi	r18, 0x01	; 1
    1640:	31 05       	cpc	r19, r1
    1642:	31 f0       	breq	.+12     	; 0x1650 <SEG7_Vid_enabledisable+0x38>
    1644:	09 c0       	rjmp	.+18     	; 0x1658 <SEG7_Vid_enabledisable+0x40>
	case Seg1:DIO_VidSetPinVal(Segment_act_1,u8CopyMode) ;break;
    1646:	89 e0       	ldi	r24, 0x09	; 9
    1648:	6a 81       	ldd	r22, Y+2	; 0x02
    164a:	0e 94 9a 08 	call	0x1134	; 0x1134 <DIO_VidSetPinVal>
    164e:	04 c0       	rjmp	.+8      	; 0x1658 <SEG7_Vid_enabledisable+0x40>
	case Seg2:DIO_VidSetPinVal(Segment_act_2,u8CopyMode) ;break;
    1650:	8a e0       	ldi	r24, 0x0A	; 10
    1652:	6a 81       	ldd	r22, Y+2	; 0x02
    1654:	0e 94 9a 08 	call	0x1134	; 0x1134 <DIO_VidSetPinVal>

	}
}
    1658:	0f 90       	pop	r0
    165a:	0f 90       	pop	r0
    165c:	0f 90       	pop	r0
    165e:	0f 90       	pop	r0
    1660:	cf 91       	pop	r28
    1662:	df 91       	pop	r29
    1664:	08 95       	ret

00001666 <PUSH_BUTTON_vid_init>:
#include "PUSHBUTTON_init.h"
#include "PUSHBUTTON_config.h"
#include <util/delay.h>


void PUSH_BUTTON_vid_init(){
    1666:	df 93       	push	r29
    1668:	cf 93       	push	r28
    166a:	cd b7       	in	r28, 0x3d	; 61
    166c:	de b7       	in	r29, 0x3e	; 62
	//internal pull up resistance
	DIO_VidSetPinDir(button1_pin,Input_DDR_Pin);
    166e:	8a e0       	ldi	r24, 0x0A	; 10
    1670:	60 e0       	ldi	r22, 0x00	; 0
    1672:	0e 94 b8 07 	call	0xf70	; 0xf70 <DIO_VidSetPinDir>
	DIO_VidSetPinVal(button1_pin,High_Pin_Val);
    1676:	8a e0       	ldi	r24, 0x0A	; 10
    1678:	61 e0       	ldi	r22, 0x01	; 1
    167a:	0e 94 9a 08 	call	0x1134	; 0x1134 <DIO_VidSetPinVal>

	DIO_VidSetPinDir(button2_pin,Input_DDR_Pin);
    167e:	8b e0       	ldi	r24, 0x0B	; 11
    1680:	60 e0       	ldi	r22, 0x00	; 0
    1682:	0e 94 b8 07 	call	0xf70	; 0xf70 <DIO_VidSetPinDir>
	DIO_VidSetPinVal(button2_pin,High_Pin_Val);
    1686:	8b e0       	ldi	r24, 0x0B	; 11
    1688:	61 e0       	ldi	r22, 0x01	; 1
    168a:	0e 94 9a 08 	call	0x1134	; 0x1134 <DIO_VidSetPinVal>

	DIO_VidSetPinDir(button3_pin,Input_DDR_Pin);
    168e:	8c e0       	ldi	r24, 0x0C	; 12
    1690:	60 e0       	ldi	r22, 0x00	; 0
    1692:	0e 94 b8 07 	call	0xf70	; 0xf70 <DIO_VidSetPinDir>
	DIO_VidSetPinVal(button3_pin,High_Pin_Val);
    1696:	8c e0       	ldi	r24, 0x0C	; 12
    1698:	61 e0       	ldi	r22, 0x01	; 1
    169a:	0e 94 9a 08 	call	0x1134	; 0x1134 <DIO_VidSetPinVal>

}
    169e:	cf 91       	pop	r28
    16a0:	df 91       	pop	r29
    16a2:	08 95       	ret

000016a4 <PUSH_BUTTON_u8_Getstate>:
u8 PUSH_BUTTON_u8_Getstate(u8 u8copyButton){
    16a4:	df 93       	push	r29
    16a6:	cf 93       	push	r28
    16a8:	00 d0       	rcall	.+0      	; 0x16aa <PUSH_BUTTON_u8_Getstate+0x6>
    16aa:	cd b7       	in	r28, 0x3d	; 61
    16ac:	de b7       	in	r29, 0x3e	; 62
    16ae:	89 83       	std	Y+1, r24	; 0x01
	//	return PRESSED;
	//}
	//else {
	//	return NOT_PRESSED;
	//}
	if (DIO_u8GetPinVal(Button_arr[u8copyButton]) == Low_Pin_Val){
    16b0:	89 81       	ldd	r24, Y+1	; 0x01
    16b2:	88 2f       	mov	r24, r24
    16b4:	90 e0       	ldi	r25, 0x00	; 0
    16b6:	fc 01       	movw	r30, r24
    16b8:	e7 58       	subi	r30, 0x87	; 135
    16ba:	fe 4f       	sbci	r31, 0xFE	; 254
    16bc:	80 81       	ld	r24, Z
    16be:	0e 94 f7 09 	call	0x13ee	; 0x13ee <DIO_u8GetPinVal>
    16c2:	88 23       	and	r24, r24
    16c4:	71 f4       	brne	.+28     	; 0x16e2 <PUSH_BUTTON_u8_Getstate+0x3e>
		while (DIO_u8GetPinVal(Button_arr[u8copyButton]) == Low_Pin_Val);
    16c6:	89 81       	ldd	r24, Y+1	; 0x01
    16c8:	88 2f       	mov	r24, r24
    16ca:	90 e0       	ldi	r25, 0x00	; 0
    16cc:	fc 01       	movw	r30, r24
    16ce:	e7 58       	subi	r30, 0x87	; 135
    16d0:	fe 4f       	sbci	r31, 0xFE	; 254
    16d2:	80 81       	ld	r24, Z
    16d4:	0e 94 f7 09 	call	0x13ee	; 0x13ee <DIO_u8GetPinVal>
    16d8:	88 23       	and	r24, r24
    16da:	a9 f3       	breq	.-22     	; 0x16c6 <PUSH_BUTTON_u8_Getstate+0x22>
		return PRESSED;
    16dc:	81 e0       	ldi	r24, 0x01	; 1
    16de:	8a 83       	std	Y+2, r24	; 0x02
    16e0:	01 c0       	rjmp	.+2      	; 0x16e4 <PUSH_BUTTON_u8_Getstate+0x40>

	}
	else {
		return NOT_PRESSED;
    16e2:	1a 82       	std	Y+2, r1	; 0x02
    16e4:	8a 81       	ldd	r24, Y+2	; 0x02
	}

}
    16e6:	0f 90       	pop	r0
    16e8:	0f 90       	pop	r0
    16ea:	cf 91       	pop	r28
    16ec:	df 91       	pop	r29
    16ee:	08 95       	ret

000016f0 <LCD_vid_8bit_init>:
#include <util/delay.h>


#if LCD_mode == LCD_8bit_mode

void LCD_vid_8bit_init(){
    16f0:	0f 93       	push	r16
    16f2:	1f 93       	push	r17
    16f4:	df 93       	push	r29
    16f6:	cf 93       	push	r28
    16f8:	cd b7       	in	r28, 0x3d	; 61
    16fa:	de b7       	in	r29, 0x3e	; 62
    16fc:	cc 54       	subi	r28, 0x4C	; 76
    16fe:	d0 40       	sbci	r29, 0x00	; 0
    1700:	0f b6       	in	r0, 0x3f	; 63
    1702:	f8 94       	cli
    1704:	de bf       	out	0x3e, r29	; 62
    1706:	0f be       	out	0x3f, r0	; 63
    1708:	cd bf       	out	0x3d, r28	; 61
	DIO_VidSetPortDir(LCD_Port,Output_DDR_Port);
    170a:	80 e0       	ldi	r24, 0x00	; 0
    170c:	6f ef       	ldi	r22, 0xFF	; 255
    170e:	0e 94 f4 06 	call	0xde8	; 0xde8 <DIO_VidSetPortDir>
	DIO_VidSetPinDir(RS,Output_DDR_Pin);
    1712:	88 e0       	ldi	r24, 0x08	; 8
    1714:	61 e0       	ldi	r22, 0x01	; 1
    1716:	0e 94 b8 07 	call	0xf70	; 0xf70 <DIO_VidSetPinDir>
	DIO_VidSetPinDir(E,Output_DDR_Pin);
    171a:	89 e0       	ldi	r24, 0x09	; 9
    171c:	61 e0       	ldi	r22, 0x01	; 1
    171e:	0e 94 b8 07 	call	0xf70	; 0xf70 <DIO_VidSetPinDir>
    1722:	fe 01       	movw	r30, r28
    1724:	e7 5b       	subi	r30, 0xB7	; 183
    1726:	ff 4f       	sbci	r31, 0xFF	; 255
    1728:	80 e0       	ldi	r24, 0x00	; 0
    172a:	90 e0       	ldi	r25, 0x00	; 0
    172c:	a0 ef       	ldi	r26, 0xF0	; 240
    172e:	b1 e4       	ldi	r27, 0x41	; 65
    1730:	80 83       	st	Z, r24
    1732:	91 83       	std	Z+1, r25	; 0x01
    1734:	a2 83       	std	Z+2, r26	; 0x02
    1736:	b3 83       	std	Z+3, r27	; 0x03
 */
void
_delay_ms(double __ms)
{
	uint16_t __ticks;
	double __tmp = ((F_CPU) / 4e3) * __ms;
    1738:	8e 01       	movw	r16, r28
    173a:	0b 5b       	subi	r16, 0xBB	; 187
    173c:	1f 4f       	sbci	r17, 0xFF	; 255
    173e:	fe 01       	movw	r30, r28
    1740:	e7 5b       	subi	r30, 0xB7	; 183
    1742:	ff 4f       	sbci	r31, 0xFF	; 255
    1744:	60 81       	ld	r22, Z
    1746:	71 81       	ldd	r23, Z+1	; 0x01
    1748:	82 81       	ldd	r24, Z+2	; 0x02
    174a:	93 81       	ldd	r25, Z+3	; 0x03
    174c:	20 e0       	ldi	r18, 0x00	; 0
    174e:	30 e0       	ldi	r19, 0x00	; 0
    1750:	4a e7       	ldi	r20, 0x7A	; 122
    1752:	55 e4       	ldi	r21, 0x45	; 69
    1754:	0e 94 17 02 	call	0x42e	; 0x42e <__mulsf3>
    1758:	dc 01       	movw	r26, r24
    175a:	cb 01       	movw	r24, r22
    175c:	f8 01       	movw	r30, r16
    175e:	80 83       	st	Z, r24
    1760:	91 83       	std	Z+1, r25	; 0x01
    1762:	a2 83       	std	Z+2, r26	; 0x02
    1764:	b3 83       	std	Z+3, r27	; 0x03
	if (__tmp < 1.0)
    1766:	fe 01       	movw	r30, r28
    1768:	eb 5b       	subi	r30, 0xBB	; 187
    176a:	ff 4f       	sbci	r31, 0xFF	; 255
    176c:	60 81       	ld	r22, Z
    176e:	71 81       	ldd	r23, Z+1	; 0x01
    1770:	82 81       	ldd	r24, Z+2	; 0x02
    1772:	93 81       	ldd	r25, Z+3	; 0x03
    1774:	20 e0       	ldi	r18, 0x00	; 0
    1776:	30 e0       	ldi	r19, 0x00	; 0
    1778:	40 e8       	ldi	r20, 0x80	; 128
    177a:	5f e3       	ldi	r21, 0x3F	; 63
    177c:	0e 94 1d 04 	call	0x83a	; 0x83a <__ltsf2>
    1780:	88 23       	and	r24, r24
    1782:	44 f4       	brge	.+16     	; 0x1794 <LCD_vid_8bit_init+0xa4>
		__ticks = 1;
    1784:	fe 01       	movw	r30, r28
    1786:	ed 5b       	subi	r30, 0xBD	; 189
    1788:	ff 4f       	sbci	r31, 0xFF	; 255
    178a:	81 e0       	ldi	r24, 0x01	; 1
    178c:	90 e0       	ldi	r25, 0x00	; 0
    178e:	91 83       	std	Z+1, r25	; 0x01
    1790:	80 83       	st	Z, r24
    1792:	64 c0       	rjmp	.+200    	; 0x185c <LCD_vid_8bit_init+0x16c>
	else if (__tmp > 65535)
    1794:	fe 01       	movw	r30, r28
    1796:	eb 5b       	subi	r30, 0xBB	; 187
    1798:	ff 4f       	sbci	r31, 0xFF	; 255
    179a:	60 81       	ld	r22, Z
    179c:	71 81       	ldd	r23, Z+1	; 0x01
    179e:	82 81       	ldd	r24, Z+2	; 0x02
    17a0:	93 81       	ldd	r25, Z+3	; 0x03
    17a2:	20 e0       	ldi	r18, 0x00	; 0
    17a4:	3f ef       	ldi	r19, 0xFF	; 255
    17a6:	4f e7       	ldi	r20, 0x7F	; 127
    17a8:	57 e4       	ldi	r21, 0x47	; 71
    17aa:	0e 94 bd 03 	call	0x77a	; 0x77a <__gtsf2>
    17ae:	18 16       	cp	r1, r24
    17b0:	0c f0       	brlt	.+2      	; 0x17b4 <LCD_vid_8bit_init+0xc4>
    17b2:	43 c0       	rjmp	.+134    	; 0x183a <LCD_vid_8bit_init+0x14a>
	{
		//	__ticks = requested delay in 1/10 ms
		__ticks = (uint16_t) (__ms * 10.0);
    17b4:	fe 01       	movw	r30, r28
    17b6:	e7 5b       	subi	r30, 0xB7	; 183
    17b8:	ff 4f       	sbci	r31, 0xFF	; 255
    17ba:	60 81       	ld	r22, Z
    17bc:	71 81       	ldd	r23, Z+1	; 0x01
    17be:	82 81       	ldd	r24, Z+2	; 0x02
    17c0:	93 81       	ldd	r25, Z+3	; 0x03
    17c2:	20 e0       	ldi	r18, 0x00	; 0
    17c4:	30 e0       	ldi	r19, 0x00	; 0
    17c6:	40 e2       	ldi	r20, 0x20	; 32
    17c8:	51 e4       	ldi	r21, 0x41	; 65
    17ca:	0e 94 17 02 	call	0x42e	; 0x42e <__mulsf3>
    17ce:	dc 01       	movw	r26, r24
    17d0:	cb 01       	movw	r24, r22
    17d2:	8e 01       	movw	r16, r28
    17d4:	0d 5b       	subi	r16, 0xBD	; 189
    17d6:	1f 4f       	sbci	r17, 0xFF	; 255
    17d8:	bc 01       	movw	r22, r24
    17da:	cd 01       	movw	r24, r26
    17dc:	0e 94 41 00 	call	0x82	; 0x82 <__fixunssfsi>
    17e0:	dc 01       	movw	r26, r24
    17e2:	cb 01       	movw	r24, r22
    17e4:	f8 01       	movw	r30, r16
    17e6:	91 83       	std	Z+1, r25	; 0x01
    17e8:	80 83       	st	Z, r24
    17ea:	1f c0       	rjmp	.+62     	; 0x182a <LCD_vid_8bit_init+0x13a>
    17ec:	fe 01       	movw	r30, r28
    17ee:	ef 5b       	subi	r30, 0xBF	; 191
    17f0:	ff 4f       	sbci	r31, 0xFF	; 255
    17f2:	80 e9       	ldi	r24, 0x90	; 144
    17f4:	91 e0       	ldi	r25, 0x01	; 1
    17f6:	91 83       	std	Z+1, r25	; 0x01
    17f8:	80 83       	st	Z, r24
    milliseconds can be achieved.
 */
void
_delay_loop_2(uint16_t __count)
{
	__asm__ volatile (
    17fa:	fe 01       	movw	r30, r28
    17fc:	ef 5b       	subi	r30, 0xBF	; 191
    17fe:	ff 4f       	sbci	r31, 0xFF	; 255
    1800:	80 81       	ld	r24, Z
    1802:	91 81       	ldd	r25, Z+1	; 0x01
    1804:	01 97       	sbiw	r24, 0x01	; 1
    1806:	f1 f7       	brne	.-4      	; 0x1804 <LCD_vid_8bit_init+0x114>
    1808:	fe 01       	movw	r30, r28
    180a:	ef 5b       	subi	r30, 0xBF	; 191
    180c:	ff 4f       	sbci	r31, 0xFF	; 255
    180e:	91 83       	std	Z+1, r25	; 0x01
    1810:	80 83       	st	Z, r24
		while(__ticks)
		{
			// wait 1/10 ms
			_delay_loop_2(((F_CPU) / 4e3) / 10);
			__ticks --;
    1812:	de 01       	movw	r26, r28
    1814:	ad 5b       	subi	r26, 0xBD	; 189
    1816:	bf 4f       	sbci	r27, 0xFF	; 255
    1818:	fe 01       	movw	r30, r28
    181a:	ed 5b       	subi	r30, 0xBD	; 189
    181c:	ff 4f       	sbci	r31, 0xFF	; 255
    181e:	80 81       	ld	r24, Z
    1820:	91 81       	ldd	r25, Z+1	; 0x01
    1822:	01 97       	sbiw	r24, 0x01	; 1
    1824:	11 96       	adiw	r26, 0x01	; 1
    1826:	9c 93       	st	X, r25
    1828:	8e 93       	st	-X, r24
		__ticks = 1;
	else if (__tmp > 65535)
	{
		//	__ticks = requested delay in 1/10 ms
		__ticks = (uint16_t) (__ms * 10.0);
		while(__ticks)
    182a:	fe 01       	movw	r30, r28
    182c:	ed 5b       	subi	r30, 0xBD	; 189
    182e:	ff 4f       	sbci	r31, 0xFF	; 255
    1830:	80 81       	ld	r24, Z
    1832:	91 81       	ldd	r25, Z+1	; 0x01
    1834:	00 97       	sbiw	r24, 0x00	; 0
    1836:	d1 f6       	brne	.-76     	; 0x17ec <LCD_vid_8bit_init+0xfc>
    1838:	24 c0       	rjmp	.+72     	; 0x1882 <LCD_vid_8bit_init+0x192>
			__ticks --;
		}
		return;
	}
	else
		__ticks = (uint16_t)__tmp;
    183a:	8e 01       	movw	r16, r28
    183c:	0d 5b       	subi	r16, 0xBD	; 189
    183e:	1f 4f       	sbci	r17, 0xFF	; 255
    1840:	fe 01       	movw	r30, r28
    1842:	eb 5b       	subi	r30, 0xBB	; 187
    1844:	ff 4f       	sbci	r31, 0xFF	; 255
    1846:	60 81       	ld	r22, Z
    1848:	71 81       	ldd	r23, Z+1	; 0x01
    184a:	82 81       	ldd	r24, Z+2	; 0x02
    184c:	93 81       	ldd	r25, Z+3	; 0x03
    184e:	0e 94 41 00 	call	0x82	; 0x82 <__fixunssfsi>
    1852:	dc 01       	movw	r26, r24
    1854:	cb 01       	movw	r24, r22
    1856:	f8 01       	movw	r30, r16
    1858:	91 83       	std	Z+1, r25	; 0x01
    185a:	80 83       	st	Z, r24
    185c:	fe 01       	movw	r30, r28
    185e:	ed 5b       	subi	r30, 0xBD	; 189
    1860:	ff 4f       	sbci	r31, 0xFF	; 255
    1862:	80 81       	ld	r24, Z
    1864:	91 81       	ldd	r25, Z+1	; 0x01
    1866:	fe 01       	movw	r30, r28
    1868:	ff 96       	adiw	r30, 0x3f	; 63
    186a:	91 83       	std	Z+1, r25	; 0x01
    186c:	80 83       	st	Z, r24
    186e:	fe 01       	movw	r30, r28
    1870:	ff 96       	adiw	r30, 0x3f	; 63
    1872:	80 81       	ld	r24, Z
    1874:	91 81       	ldd	r25, Z+1	; 0x01
    1876:	01 97       	sbiw	r24, 0x01	; 1
    1878:	f1 f7       	brne	.-4      	; 0x1876 <LCD_vid_8bit_init+0x186>
    187a:	fe 01       	movw	r30, r28
    187c:	ff 96       	adiw	r30, 0x3f	; 63
    187e:	91 83       	std	Z+1, r25	; 0x01
    1880:	80 83       	st	Z, r24
	_delay_ms(30);
	LCD_vid_8bit_writecmd(LCD_CMD_FUNCTION_SET_8BIT);
    1882:	88 e3       	ldi	r24, 0x38	; 56
    1884:	0e 94 47 0e 	call	0x1c8e	; 0x1c8e <LCD_vid_8bit_writecmd>
    1888:	80 e0       	ldi	r24, 0x00	; 0
    188a:	90 e0       	ldi	r25, 0x00	; 0
    188c:	ac e1       	ldi	r26, 0x1C	; 28
    188e:	b2 e4       	ldi	r27, 0x42	; 66
    1890:	8b af       	std	Y+59, r24	; 0x3b
    1892:	9c af       	std	Y+60, r25	; 0x3c
    1894:	ad af       	std	Y+61, r26	; 0x3d
    1896:	be af       	std	Y+62, r27	; 0x3e
 */
void
_delay_us(double __us)
{
	uint8_t __ticks;
	double __tmp = ((F_CPU) / 3e6) * __us;
    1898:	6b ad       	ldd	r22, Y+59	; 0x3b
    189a:	7c ad       	ldd	r23, Y+60	; 0x3c
    189c:	8d ad       	ldd	r24, Y+61	; 0x3d
    189e:	9e ad       	ldd	r25, Y+62	; 0x3e
    18a0:	2b ea       	ldi	r18, 0xAB	; 171
    18a2:	3a ea       	ldi	r19, 0xAA	; 170
    18a4:	4a ea       	ldi	r20, 0xAA	; 170
    18a6:	50 e4       	ldi	r21, 0x40	; 64
    18a8:	0e 94 17 02 	call	0x42e	; 0x42e <__mulsf3>
    18ac:	dc 01       	movw	r26, r24
    18ae:	cb 01       	movw	r24, r22
    18b0:	8f ab       	std	Y+55, r24	; 0x37
    18b2:	98 af       	std	Y+56, r25	; 0x38
    18b4:	a9 af       	std	Y+57, r26	; 0x39
    18b6:	ba af       	std	Y+58, r27	; 0x3a
	if (__tmp < 1.0)
    18b8:	6f a9       	ldd	r22, Y+55	; 0x37
    18ba:	78 ad       	ldd	r23, Y+56	; 0x38
    18bc:	89 ad       	ldd	r24, Y+57	; 0x39
    18be:	9a ad       	ldd	r25, Y+58	; 0x3a
    18c0:	20 e0       	ldi	r18, 0x00	; 0
    18c2:	30 e0       	ldi	r19, 0x00	; 0
    18c4:	40 e8       	ldi	r20, 0x80	; 128
    18c6:	5f e3       	ldi	r21, 0x3F	; 63
    18c8:	0e 94 1d 04 	call	0x83a	; 0x83a <__ltsf2>
    18cc:	88 23       	and	r24, r24
    18ce:	1c f4       	brge	.+6      	; 0x18d6 <LCD_vid_8bit_init+0x1e6>
		__ticks = 1;
    18d0:	81 e0       	ldi	r24, 0x01	; 1
    18d2:	8e ab       	std	Y+54, r24	; 0x36
    18d4:	91 c0       	rjmp	.+290    	; 0x19f8 <LCD_vid_8bit_init+0x308>
	else if (__tmp > 255)
    18d6:	6f a9       	ldd	r22, Y+55	; 0x37
    18d8:	78 ad       	ldd	r23, Y+56	; 0x38
    18da:	89 ad       	ldd	r24, Y+57	; 0x39
    18dc:	9a ad       	ldd	r25, Y+58	; 0x3a
    18de:	20 e0       	ldi	r18, 0x00	; 0
    18e0:	30 e0       	ldi	r19, 0x00	; 0
    18e2:	4f e7       	ldi	r20, 0x7F	; 127
    18e4:	53 e4       	ldi	r21, 0x43	; 67
    18e6:	0e 94 bd 03 	call	0x77a	; 0x77a <__gtsf2>
    18ea:	18 16       	cp	r1, r24
    18ec:	0c f0       	brlt	.+2      	; 0x18f0 <LCD_vid_8bit_init+0x200>
    18ee:	7b c0       	rjmp	.+246    	; 0x19e6 <LCD_vid_8bit_init+0x2f6>
	{
		_delay_ms(__us / 1000.0);
    18f0:	6b ad       	ldd	r22, Y+59	; 0x3b
    18f2:	7c ad       	ldd	r23, Y+60	; 0x3c
    18f4:	8d ad       	ldd	r24, Y+61	; 0x3d
    18f6:	9e ad       	ldd	r25, Y+62	; 0x3e
    18f8:	20 e0       	ldi	r18, 0x00	; 0
    18fa:	30 e0       	ldi	r19, 0x00	; 0
    18fc:	4a e7       	ldi	r20, 0x7A	; 122
    18fe:	54 e4       	ldi	r21, 0x44	; 68
    1900:	0e 94 11 03 	call	0x622	; 0x622 <__divsf3>
    1904:	dc 01       	movw	r26, r24
    1906:	cb 01       	movw	r24, r22
    1908:	8a ab       	std	Y+50, r24	; 0x32
    190a:	9b ab       	std	Y+51, r25	; 0x33
    190c:	ac ab       	std	Y+52, r26	; 0x34
    190e:	bd ab       	std	Y+53, r27	; 0x35
 */
void
_delay_ms(double __ms)
{
	uint16_t __ticks;
	double __tmp = ((F_CPU) / 4e3) * __ms;
    1910:	6a a9       	ldd	r22, Y+50	; 0x32
    1912:	7b a9       	ldd	r23, Y+51	; 0x33
    1914:	8c a9       	ldd	r24, Y+52	; 0x34
    1916:	9d a9       	ldd	r25, Y+53	; 0x35
    1918:	20 e0       	ldi	r18, 0x00	; 0
    191a:	30 e0       	ldi	r19, 0x00	; 0
    191c:	4a e7       	ldi	r20, 0x7A	; 122
    191e:	55 e4       	ldi	r21, 0x45	; 69
    1920:	0e 94 17 02 	call	0x42e	; 0x42e <__mulsf3>
    1924:	dc 01       	movw	r26, r24
    1926:	cb 01       	movw	r24, r22
    1928:	8e a7       	std	Y+46, r24	; 0x2e
    192a:	9f a7       	std	Y+47, r25	; 0x2f
    192c:	a8 ab       	std	Y+48, r26	; 0x30
    192e:	b9 ab       	std	Y+49, r27	; 0x31
	if (__tmp < 1.0)
    1930:	6e a5       	ldd	r22, Y+46	; 0x2e
    1932:	7f a5       	ldd	r23, Y+47	; 0x2f
    1934:	88 a9       	ldd	r24, Y+48	; 0x30
    1936:	99 a9       	ldd	r25, Y+49	; 0x31
    1938:	20 e0       	ldi	r18, 0x00	; 0
    193a:	30 e0       	ldi	r19, 0x00	; 0
    193c:	40 e8       	ldi	r20, 0x80	; 128
    193e:	5f e3       	ldi	r21, 0x3F	; 63
    1940:	0e 94 1d 04 	call	0x83a	; 0x83a <__ltsf2>
    1944:	88 23       	and	r24, r24
    1946:	2c f4       	brge	.+10     	; 0x1952 <LCD_vid_8bit_init+0x262>
		__ticks = 1;
    1948:	81 e0       	ldi	r24, 0x01	; 1
    194a:	90 e0       	ldi	r25, 0x00	; 0
    194c:	9d a7       	std	Y+45, r25	; 0x2d
    194e:	8c a7       	std	Y+44, r24	; 0x2c
    1950:	3f c0       	rjmp	.+126    	; 0x19d0 <LCD_vid_8bit_init+0x2e0>
	else if (__tmp > 65535)
    1952:	6e a5       	ldd	r22, Y+46	; 0x2e
    1954:	7f a5       	ldd	r23, Y+47	; 0x2f
    1956:	88 a9       	ldd	r24, Y+48	; 0x30
    1958:	99 a9       	ldd	r25, Y+49	; 0x31
    195a:	20 e0       	ldi	r18, 0x00	; 0
    195c:	3f ef       	ldi	r19, 0xFF	; 255
    195e:	4f e7       	ldi	r20, 0x7F	; 127
    1960:	57 e4       	ldi	r21, 0x47	; 71
    1962:	0e 94 bd 03 	call	0x77a	; 0x77a <__gtsf2>
    1966:	18 16       	cp	r1, r24
    1968:	4c f5       	brge	.+82     	; 0x19bc <LCD_vid_8bit_init+0x2cc>
	{
		//	__ticks = requested delay in 1/10 ms
		__ticks = (uint16_t) (__ms * 10.0);
    196a:	6a a9       	ldd	r22, Y+50	; 0x32
    196c:	7b a9       	ldd	r23, Y+51	; 0x33
    196e:	8c a9       	ldd	r24, Y+52	; 0x34
    1970:	9d a9       	ldd	r25, Y+53	; 0x35
    1972:	20 e0       	ldi	r18, 0x00	; 0
    1974:	30 e0       	ldi	r19, 0x00	; 0
    1976:	40 e2       	ldi	r20, 0x20	; 32
    1978:	51 e4       	ldi	r21, 0x41	; 65
    197a:	0e 94 17 02 	call	0x42e	; 0x42e <__mulsf3>
    197e:	dc 01       	movw	r26, r24
    1980:	cb 01       	movw	r24, r22
    1982:	bc 01       	movw	r22, r24
    1984:	cd 01       	movw	r24, r26
    1986:	0e 94 41 00 	call	0x82	; 0x82 <__fixunssfsi>
    198a:	dc 01       	movw	r26, r24
    198c:	cb 01       	movw	r24, r22
    198e:	9d a7       	std	Y+45, r25	; 0x2d
    1990:	8c a7       	std	Y+44, r24	; 0x2c
    1992:	0f c0       	rjmp	.+30     	; 0x19b2 <LCD_vid_8bit_init+0x2c2>
    1994:	80 e9       	ldi	r24, 0x90	; 144
    1996:	91 e0       	ldi	r25, 0x01	; 1
    1998:	9b a7       	std	Y+43, r25	; 0x2b
    199a:	8a a7       	std	Y+42, r24	; 0x2a
    199c:	8a a5       	ldd	r24, Y+42	; 0x2a
    199e:	9b a5       	ldd	r25, Y+43	; 0x2b
    19a0:	01 97       	sbiw	r24, 0x01	; 1
    19a2:	f1 f7       	brne	.-4      	; 0x19a0 <LCD_vid_8bit_init+0x2b0>
    19a4:	9b a7       	std	Y+43, r25	; 0x2b
    19a6:	8a a7       	std	Y+42, r24	; 0x2a
		while(__ticks)
		{
			// wait 1/10 ms
			_delay_loop_2(((F_CPU) / 4e3) / 10);
			__ticks --;
    19a8:	8c a5       	ldd	r24, Y+44	; 0x2c
    19aa:	9d a5       	ldd	r25, Y+45	; 0x2d
    19ac:	01 97       	sbiw	r24, 0x01	; 1
    19ae:	9d a7       	std	Y+45, r25	; 0x2d
    19b0:	8c a7       	std	Y+44, r24	; 0x2c
		__ticks = 1;
	else if (__tmp > 65535)
	{
		//	__ticks = requested delay in 1/10 ms
		__ticks = (uint16_t) (__ms * 10.0);
		while(__ticks)
    19b2:	8c a5       	ldd	r24, Y+44	; 0x2c
    19b4:	9d a5       	ldd	r25, Y+45	; 0x2d
    19b6:	00 97       	sbiw	r24, 0x00	; 0
    19b8:	69 f7       	brne	.-38     	; 0x1994 <LCD_vid_8bit_init+0x2a4>
    19ba:	24 c0       	rjmp	.+72     	; 0x1a04 <LCD_vid_8bit_init+0x314>
			__ticks --;
		}
		return;
	}
	else
		__ticks = (uint16_t)__tmp;
    19bc:	6e a5       	ldd	r22, Y+46	; 0x2e
    19be:	7f a5       	ldd	r23, Y+47	; 0x2f
    19c0:	88 a9       	ldd	r24, Y+48	; 0x30
    19c2:	99 a9       	ldd	r25, Y+49	; 0x31
    19c4:	0e 94 41 00 	call	0x82	; 0x82 <__fixunssfsi>
    19c8:	dc 01       	movw	r26, r24
    19ca:	cb 01       	movw	r24, r22
    19cc:	9d a7       	std	Y+45, r25	; 0x2d
    19ce:	8c a7       	std	Y+44, r24	; 0x2c
    19d0:	8c a5       	ldd	r24, Y+44	; 0x2c
    19d2:	9d a5       	ldd	r25, Y+45	; 0x2d
    19d4:	99 a7       	std	Y+41, r25	; 0x29
    19d6:	88 a7       	std	Y+40, r24	; 0x28
    19d8:	88 a5       	ldd	r24, Y+40	; 0x28
    19da:	99 a5       	ldd	r25, Y+41	; 0x29
    19dc:	01 97       	sbiw	r24, 0x01	; 1
    19de:	f1 f7       	brne	.-4      	; 0x19dc <LCD_vid_8bit_init+0x2ec>
    19e0:	99 a7       	std	Y+41, r25	; 0x29
    19e2:	88 a7       	std	Y+40, r24	; 0x28
    19e4:	0f c0       	rjmp	.+30     	; 0x1a04 <LCD_vid_8bit_init+0x314>
	{
		_delay_ms(__us / 1000.0);
		return;
	}
	else
		__ticks = (uint8_t)__tmp;
    19e6:	6f a9       	ldd	r22, Y+55	; 0x37
    19e8:	78 ad       	ldd	r23, Y+56	; 0x38
    19ea:	89 ad       	ldd	r24, Y+57	; 0x39
    19ec:	9a ad       	ldd	r25, Y+58	; 0x3a
    19ee:	0e 94 41 00 	call	0x82	; 0x82 <__fixunssfsi>
    19f2:	dc 01       	movw	r26, r24
    19f4:	cb 01       	movw	r24, r22
    19f6:	8e ab       	std	Y+54, r24	; 0x36
    19f8:	8e a9       	ldd	r24, Y+54	; 0x36
    19fa:	8f a3       	std	Y+39, r24	; 0x27
    can be achieved.
*/
void
_delay_loop_1(uint8_t __count)
{
	__asm__ volatile (
    19fc:	8f a1       	ldd	r24, Y+39	; 0x27
    19fe:	8a 95       	dec	r24
    1a00:	f1 f7       	brne	.-4      	; 0x19fe <LCD_vid_8bit_init+0x30e>
    1a02:	8f a3       	std	Y+39, r24	; 0x27
	_delay_us(39);
	LCD_vid_8bit_writecmd(LCD_CMD_DISPLAY_ON);
    1a04:	8f e0       	ldi	r24, 0x0F	; 15
    1a06:	0e 94 47 0e 	call	0x1c8e	; 0x1c8e <LCD_vid_8bit_writecmd>
    1a0a:	80 e0       	ldi	r24, 0x00	; 0
    1a0c:	90 e0       	ldi	r25, 0x00	; 0
    1a0e:	ac e1       	ldi	r26, 0x1C	; 28
    1a10:	b2 e4       	ldi	r27, 0x42	; 66
    1a12:	8b a3       	std	Y+35, r24	; 0x23
    1a14:	9c a3       	std	Y+36, r25	; 0x24
    1a16:	ad a3       	std	Y+37, r26	; 0x25
    1a18:	be a3       	std	Y+38, r27	; 0x26
 */
void
_delay_us(double __us)
{
	uint8_t __ticks;
	double __tmp = ((F_CPU) / 3e6) * __us;
    1a1a:	6b a1       	ldd	r22, Y+35	; 0x23
    1a1c:	7c a1       	ldd	r23, Y+36	; 0x24
    1a1e:	8d a1       	ldd	r24, Y+37	; 0x25
    1a20:	9e a1       	ldd	r25, Y+38	; 0x26
    1a22:	2b ea       	ldi	r18, 0xAB	; 171
    1a24:	3a ea       	ldi	r19, 0xAA	; 170
    1a26:	4a ea       	ldi	r20, 0xAA	; 170
    1a28:	50 e4       	ldi	r21, 0x40	; 64
    1a2a:	0e 94 17 02 	call	0x42e	; 0x42e <__mulsf3>
    1a2e:	dc 01       	movw	r26, r24
    1a30:	cb 01       	movw	r24, r22
    1a32:	8f 8f       	std	Y+31, r24	; 0x1f
    1a34:	98 a3       	std	Y+32, r25	; 0x20
    1a36:	a9 a3       	std	Y+33, r26	; 0x21
    1a38:	ba a3       	std	Y+34, r27	; 0x22
	if (__tmp < 1.0)
    1a3a:	6f 8d       	ldd	r22, Y+31	; 0x1f
    1a3c:	78 a1       	ldd	r23, Y+32	; 0x20
    1a3e:	89 a1       	ldd	r24, Y+33	; 0x21
    1a40:	9a a1       	ldd	r25, Y+34	; 0x22
    1a42:	20 e0       	ldi	r18, 0x00	; 0
    1a44:	30 e0       	ldi	r19, 0x00	; 0
    1a46:	40 e8       	ldi	r20, 0x80	; 128
    1a48:	5f e3       	ldi	r21, 0x3F	; 63
    1a4a:	0e 94 1d 04 	call	0x83a	; 0x83a <__ltsf2>
    1a4e:	88 23       	and	r24, r24
    1a50:	1c f4       	brge	.+6      	; 0x1a58 <LCD_vid_8bit_init+0x368>
		__ticks = 1;
    1a52:	81 e0       	ldi	r24, 0x01	; 1
    1a54:	8e 8f       	std	Y+30, r24	; 0x1e
    1a56:	91 c0       	rjmp	.+290    	; 0x1b7a <LCD_vid_8bit_init+0x48a>
	else if (__tmp > 255)
    1a58:	6f 8d       	ldd	r22, Y+31	; 0x1f
    1a5a:	78 a1       	ldd	r23, Y+32	; 0x20
    1a5c:	89 a1       	ldd	r24, Y+33	; 0x21
    1a5e:	9a a1       	ldd	r25, Y+34	; 0x22
    1a60:	20 e0       	ldi	r18, 0x00	; 0
    1a62:	30 e0       	ldi	r19, 0x00	; 0
    1a64:	4f e7       	ldi	r20, 0x7F	; 127
    1a66:	53 e4       	ldi	r21, 0x43	; 67
    1a68:	0e 94 bd 03 	call	0x77a	; 0x77a <__gtsf2>
    1a6c:	18 16       	cp	r1, r24
    1a6e:	0c f0       	brlt	.+2      	; 0x1a72 <LCD_vid_8bit_init+0x382>
    1a70:	7b c0       	rjmp	.+246    	; 0x1b68 <LCD_vid_8bit_init+0x478>
	{
		_delay_ms(__us / 1000.0);
    1a72:	6b a1       	ldd	r22, Y+35	; 0x23
    1a74:	7c a1       	ldd	r23, Y+36	; 0x24
    1a76:	8d a1       	ldd	r24, Y+37	; 0x25
    1a78:	9e a1       	ldd	r25, Y+38	; 0x26
    1a7a:	20 e0       	ldi	r18, 0x00	; 0
    1a7c:	30 e0       	ldi	r19, 0x00	; 0
    1a7e:	4a e7       	ldi	r20, 0x7A	; 122
    1a80:	54 e4       	ldi	r21, 0x44	; 68
    1a82:	0e 94 11 03 	call	0x622	; 0x622 <__divsf3>
    1a86:	dc 01       	movw	r26, r24
    1a88:	cb 01       	movw	r24, r22
    1a8a:	8a 8f       	std	Y+26, r24	; 0x1a
    1a8c:	9b 8f       	std	Y+27, r25	; 0x1b
    1a8e:	ac 8f       	std	Y+28, r26	; 0x1c
    1a90:	bd 8f       	std	Y+29, r27	; 0x1d
 */
void
_delay_ms(double __ms)
{
	uint16_t __ticks;
	double __tmp = ((F_CPU) / 4e3) * __ms;
    1a92:	6a 8d       	ldd	r22, Y+26	; 0x1a
    1a94:	7b 8d       	ldd	r23, Y+27	; 0x1b
    1a96:	8c 8d       	ldd	r24, Y+28	; 0x1c
    1a98:	9d 8d       	ldd	r25, Y+29	; 0x1d
    1a9a:	20 e0       	ldi	r18, 0x00	; 0
    1a9c:	30 e0       	ldi	r19, 0x00	; 0
    1a9e:	4a e7       	ldi	r20, 0x7A	; 122
    1aa0:	55 e4       	ldi	r21, 0x45	; 69
    1aa2:	0e 94 17 02 	call	0x42e	; 0x42e <__mulsf3>
    1aa6:	dc 01       	movw	r26, r24
    1aa8:	cb 01       	movw	r24, r22
    1aaa:	8e 8b       	std	Y+22, r24	; 0x16
    1aac:	9f 8b       	std	Y+23, r25	; 0x17
    1aae:	a8 8f       	std	Y+24, r26	; 0x18
    1ab0:	b9 8f       	std	Y+25, r27	; 0x19
	if (__tmp < 1.0)
    1ab2:	6e 89       	ldd	r22, Y+22	; 0x16
    1ab4:	7f 89       	ldd	r23, Y+23	; 0x17
    1ab6:	88 8d       	ldd	r24, Y+24	; 0x18
    1ab8:	99 8d       	ldd	r25, Y+25	; 0x19
    1aba:	20 e0       	ldi	r18, 0x00	; 0
    1abc:	30 e0       	ldi	r19, 0x00	; 0
    1abe:	40 e8       	ldi	r20, 0x80	; 128
    1ac0:	5f e3       	ldi	r21, 0x3F	; 63
    1ac2:	0e 94 1d 04 	call	0x83a	; 0x83a <__ltsf2>
    1ac6:	88 23       	and	r24, r24
    1ac8:	2c f4       	brge	.+10     	; 0x1ad4 <LCD_vid_8bit_init+0x3e4>
		__ticks = 1;
    1aca:	81 e0       	ldi	r24, 0x01	; 1
    1acc:	90 e0       	ldi	r25, 0x00	; 0
    1ace:	9d 8b       	std	Y+21, r25	; 0x15
    1ad0:	8c 8b       	std	Y+20, r24	; 0x14
    1ad2:	3f c0       	rjmp	.+126    	; 0x1b52 <LCD_vid_8bit_init+0x462>
	else if (__tmp > 65535)
    1ad4:	6e 89       	ldd	r22, Y+22	; 0x16
    1ad6:	7f 89       	ldd	r23, Y+23	; 0x17
    1ad8:	88 8d       	ldd	r24, Y+24	; 0x18
    1ada:	99 8d       	ldd	r25, Y+25	; 0x19
    1adc:	20 e0       	ldi	r18, 0x00	; 0
    1ade:	3f ef       	ldi	r19, 0xFF	; 255
    1ae0:	4f e7       	ldi	r20, 0x7F	; 127
    1ae2:	57 e4       	ldi	r21, 0x47	; 71
    1ae4:	0e 94 bd 03 	call	0x77a	; 0x77a <__gtsf2>
    1ae8:	18 16       	cp	r1, r24
    1aea:	4c f5       	brge	.+82     	; 0x1b3e <LCD_vid_8bit_init+0x44e>
	{
		//	__ticks = requested delay in 1/10 ms
		__ticks = (uint16_t) (__ms * 10.0);
    1aec:	6a 8d       	ldd	r22, Y+26	; 0x1a
    1aee:	7b 8d       	ldd	r23, Y+27	; 0x1b
    1af0:	8c 8d       	ldd	r24, Y+28	; 0x1c
    1af2:	9d 8d       	ldd	r25, Y+29	; 0x1d
    1af4:	20 e0       	ldi	r18, 0x00	; 0
    1af6:	30 e0       	ldi	r19, 0x00	; 0
    1af8:	40 e2       	ldi	r20, 0x20	; 32
    1afa:	51 e4       	ldi	r21, 0x41	; 65
    1afc:	0e 94 17 02 	call	0x42e	; 0x42e <__mulsf3>
    1b00:	dc 01       	movw	r26, r24
    1b02:	cb 01       	movw	r24, r22
    1b04:	bc 01       	movw	r22, r24
    1b06:	cd 01       	movw	r24, r26
    1b08:	0e 94 41 00 	call	0x82	; 0x82 <__fixunssfsi>
    1b0c:	dc 01       	movw	r26, r24
    1b0e:	cb 01       	movw	r24, r22
    1b10:	9d 8b       	std	Y+21, r25	; 0x15
    1b12:	8c 8b       	std	Y+20, r24	; 0x14
    1b14:	0f c0       	rjmp	.+30     	; 0x1b34 <LCD_vid_8bit_init+0x444>
    1b16:	80 e9       	ldi	r24, 0x90	; 144
    1b18:	91 e0       	ldi	r25, 0x01	; 1
    1b1a:	9b 8b       	std	Y+19, r25	; 0x13
    1b1c:	8a 8b       	std	Y+18, r24	; 0x12
    milliseconds can be achieved.
 */
void
_delay_loop_2(uint16_t __count)
{
	__asm__ volatile (
    1b1e:	8a 89       	ldd	r24, Y+18	; 0x12
    1b20:	9b 89       	ldd	r25, Y+19	; 0x13
    1b22:	01 97       	sbiw	r24, 0x01	; 1
    1b24:	f1 f7       	brne	.-4      	; 0x1b22 <LCD_vid_8bit_init+0x432>
    1b26:	9b 8b       	std	Y+19, r25	; 0x13
    1b28:	8a 8b       	std	Y+18, r24	; 0x12
		while(__ticks)
		{
			// wait 1/10 ms
			_delay_loop_2(((F_CPU) / 4e3) / 10);
			__ticks --;
    1b2a:	8c 89       	ldd	r24, Y+20	; 0x14
    1b2c:	9d 89       	ldd	r25, Y+21	; 0x15
    1b2e:	01 97       	sbiw	r24, 0x01	; 1
    1b30:	9d 8b       	std	Y+21, r25	; 0x15
    1b32:	8c 8b       	std	Y+20, r24	; 0x14
		__ticks = 1;
	else if (__tmp > 65535)
	{
		//	__ticks = requested delay in 1/10 ms
		__ticks = (uint16_t) (__ms * 10.0);
		while(__ticks)
    1b34:	8c 89       	ldd	r24, Y+20	; 0x14
    1b36:	9d 89       	ldd	r25, Y+21	; 0x15
    1b38:	00 97       	sbiw	r24, 0x00	; 0
    1b3a:	69 f7       	brne	.-38     	; 0x1b16 <LCD_vid_8bit_init+0x426>
    1b3c:	24 c0       	rjmp	.+72     	; 0x1b86 <LCD_vid_8bit_init+0x496>
			__ticks --;
		}
		return;
	}
	else
		__ticks = (uint16_t)__tmp;
    1b3e:	6e 89       	ldd	r22, Y+22	; 0x16
    1b40:	7f 89       	ldd	r23, Y+23	; 0x17
    1b42:	88 8d       	ldd	r24, Y+24	; 0x18
    1b44:	99 8d       	ldd	r25, Y+25	; 0x19
    1b46:	0e 94 41 00 	call	0x82	; 0x82 <__fixunssfsi>
    1b4a:	dc 01       	movw	r26, r24
    1b4c:	cb 01       	movw	r24, r22
    1b4e:	9d 8b       	std	Y+21, r25	; 0x15
    1b50:	8c 8b       	std	Y+20, r24	; 0x14
    1b52:	8c 89       	ldd	r24, Y+20	; 0x14
    1b54:	9d 89       	ldd	r25, Y+21	; 0x15
    1b56:	99 8b       	std	Y+17, r25	; 0x11
    1b58:	88 8b       	std	Y+16, r24	; 0x10
    1b5a:	88 89       	ldd	r24, Y+16	; 0x10
    1b5c:	99 89       	ldd	r25, Y+17	; 0x11
    1b5e:	01 97       	sbiw	r24, 0x01	; 1
    1b60:	f1 f7       	brne	.-4      	; 0x1b5e <LCD_vid_8bit_init+0x46e>
    1b62:	99 8b       	std	Y+17, r25	; 0x11
    1b64:	88 8b       	std	Y+16, r24	; 0x10
    1b66:	0f c0       	rjmp	.+30     	; 0x1b86 <LCD_vid_8bit_init+0x496>
	{
		_delay_ms(__us / 1000.0);
		return;
	}
	else
		__ticks = (uint8_t)__tmp;
    1b68:	6f 8d       	ldd	r22, Y+31	; 0x1f
    1b6a:	78 a1       	ldd	r23, Y+32	; 0x20
    1b6c:	89 a1       	ldd	r24, Y+33	; 0x21
    1b6e:	9a a1       	ldd	r25, Y+34	; 0x22
    1b70:	0e 94 41 00 	call	0x82	; 0x82 <__fixunssfsi>
    1b74:	dc 01       	movw	r26, r24
    1b76:	cb 01       	movw	r24, r22
    1b78:	8e 8f       	std	Y+30, r24	; 0x1e
    1b7a:	8e 8d       	ldd	r24, Y+30	; 0x1e
    1b7c:	8f 87       	std	Y+15, r24	; 0x0f
    can be achieved.
*/
void
_delay_loop_1(uint8_t __count)
{
	__asm__ volatile (
    1b7e:	8f 85       	ldd	r24, Y+15	; 0x0f
    1b80:	8a 95       	dec	r24
    1b82:	f1 f7       	brne	.-4      	; 0x1b80 <LCD_vid_8bit_init+0x490>
    1b84:	8f 87       	std	Y+15, r24	; 0x0f
	_delay_us(39);
	LCD_vid_8bit_writecmd(LCD_CMD_CLEAR_DIS);
    1b86:	81 e0       	ldi	r24, 0x01	; 1
    1b88:	0e 94 47 0e 	call	0x1c8e	; 0x1c8e <LCD_vid_8bit_writecmd>
    1b8c:	8a e0       	ldi	r24, 0x0A	; 10
    1b8e:	97 ed       	ldi	r25, 0xD7	; 215
    1b90:	a3 ec       	ldi	r26, 0xC3	; 195
    1b92:	bf e3       	ldi	r27, 0x3F	; 63
    1b94:	8b 87       	std	Y+11, r24	; 0x0b
    1b96:	9c 87       	std	Y+12, r25	; 0x0c
    1b98:	ad 87       	std	Y+13, r26	; 0x0d
    1b9a:	be 87       	std	Y+14, r27	; 0x0e
 */
void
_delay_ms(double __ms)
{
	uint16_t __ticks;
	double __tmp = ((F_CPU) / 4e3) * __ms;
    1b9c:	6b 85       	ldd	r22, Y+11	; 0x0b
    1b9e:	7c 85       	ldd	r23, Y+12	; 0x0c
    1ba0:	8d 85       	ldd	r24, Y+13	; 0x0d
    1ba2:	9e 85       	ldd	r25, Y+14	; 0x0e
    1ba4:	20 e0       	ldi	r18, 0x00	; 0
    1ba6:	30 e0       	ldi	r19, 0x00	; 0
    1ba8:	4a e7       	ldi	r20, 0x7A	; 122
    1baa:	55 e4       	ldi	r21, 0x45	; 69
    1bac:	0e 94 17 02 	call	0x42e	; 0x42e <__mulsf3>
    1bb0:	dc 01       	movw	r26, r24
    1bb2:	cb 01       	movw	r24, r22
    1bb4:	8f 83       	std	Y+7, r24	; 0x07
    1bb6:	98 87       	std	Y+8, r25	; 0x08
    1bb8:	a9 87       	std	Y+9, r26	; 0x09
    1bba:	ba 87       	std	Y+10, r27	; 0x0a
	if (__tmp < 1.0)
    1bbc:	6f 81       	ldd	r22, Y+7	; 0x07
    1bbe:	78 85       	ldd	r23, Y+8	; 0x08
    1bc0:	89 85       	ldd	r24, Y+9	; 0x09
    1bc2:	9a 85       	ldd	r25, Y+10	; 0x0a
    1bc4:	20 e0       	ldi	r18, 0x00	; 0
    1bc6:	30 e0       	ldi	r19, 0x00	; 0
    1bc8:	40 e8       	ldi	r20, 0x80	; 128
    1bca:	5f e3       	ldi	r21, 0x3F	; 63
    1bcc:	0e 94 1d 04 	call	0x83a	; 0x83a <__ltsf2>
    1bd0:	88 23       	and	r24, r24
    1bd2:	2c f4       	brge	.+10     	; 0x1bde <LCD_vid_8bit_init+0x4ee>
		__ticks = 1;
    1bd4:	81 e0       	ldi	r24, 0x01	; 1
    1bd6:	90 e0       	ldi	r25, 0x00	; 0
    1bd8:	9e 83       	std	Y+6, r25	; 0x06
    1bda:	8d 83       	std	Y+5, r24	; 0x05
    1bdc:	3f c0       	rjmp	.+126    	; 0x1c5c <LCD_vid_8bit_init+0x56c>
	else if (__tmp > 65535)
    1bde:	6f 81       	ldd	r22, Y+7	; 0x07
    1be0:	78 85       	ldd	r23, Y+8	; 0x08
    1be2:	89 85       	ldd	r24, Y+9	; 0x09
    1be4:	9a 85       	ldd	r25, Y+10	; 0x0a
    1be6:	20 e0       	ldi	r18, 0x00	; 0
    1be8:	3f ef       	ldi	r19, 0xFF	; 255
    1bea:	4f e7       	ldi	r20, 0x7F	; 127
    1bec:	57 e4       	ldi	r21, 0x47	; 71
    1bee:	0e 94 bd 03 	call	0x77a	; 0x77a <__gtsf2>
    1bf2:	18 16       	cp	r1, r24
    1bf4:	4c f5       	brge	.+82     	; 0x1c48 <LCD_vid_8bit_init+0x558>
	{
		//	__ticks = requested delay in 1/10 ms
		__ticks = (uint16_t) (__ms * 10.0);
    1bf6:	6b 85       	ldd	r22, Y+11	; 0x0b
    1bf8:	7c 85       	ldd	r23, Y+12	; 0x0c
    1bfa:	8d 85       	ldd	r24, Y+13	; 0x0d
    1bfc:	9e 85       	ldd	r25, Y+14	; 0x0e
    1bfe:	20 e0       	ldi	r18, 0x00	; 0
    1c00:	30 e0       	ldi	r19, 0x00	; 0
    1c02:	40 e2       	ldi	r20, 0x20	; 32
    1c04:	51 e4       	ldi	r21, 0x41	; 65
    1c06:	0e 94 17 02 	call	0x42e	; 0x42e <__mulsf3>
    1c0a:	dc 01       	movw	r26, r24
    1c0c:	cb 01       	movw	r24, r22
    1c0e:	bc 01       	movw	r22, r24
    1c10:	cd 01       	movw	r24, r26
    1c12:	0e 94 41 00 	call	0x82	; 0x82 <__fixunssfsi>
    1c16:	dc 01       	movw	r26, r24
    1c18:	cb 01       	movw	r24, r22
    1c1a:	9e 83       	std	Y+6, r25	; 0x06
    1c1c:	8d 83       	std	Y+5, r24	; 0x05
    1c1e:	0f c0       	rjmp	.+30     	; 0x1c3e <LCD_vid_8bit_init+0x54e>
    1c20:	80 e9       	ldi	r24, 0x90	; 144
    1c22:	91 e0       	ldi	r25, 0x01	; 1
    1c24:	9c 83       	std	Y+4, r25	; 0x04
    1c26:	8b 83       	std	Y+3, r24	; 0x03
    milliseconds can be achieved.
 */
void
_delay_loop_2(uint16_t __count)
{
	__asm__ volatile (
    1c28:	8b 81       	ldd	r24, Y+3	; 0x03
    1c2a:	9c 81       	ldd	r25, Y+4	; 0x04
    1c2c:	01 97       	sbiw	r24, 0x01	; 1
    1c2e:	f1 f7       	brne	.-4      	; 0x1c2c <LCD_vid_8bit_init+0x53c>
    1c30:	9c 83       	std	Y+4, r25	; 0x04
    1c32:	8b 83       	std	Y+3, r24	; 0x03
		while(__ticks)
		{
			// wait 1/10 ms
			_delay_loop_2(((F_CPU) / 4e3) / 10);
			__ticks --;
    1c34:	8d 81       	ldd	r24, Y+5	; 0x05
    1c36:	9e 81       	ldd	r25, Y+6	; 0x06
    1c38:	01 97       	sbiw	r24, 0x01	; 1
    1c3a:	9e 83       	std	Y+6, r25	; 0x06
    1c3c:	8d 83       	std	Y+5, r24	; 0x05
		__ticks = 1;
	else if (__tmp > 65535)
	{
		//	__ticks = requested delay in 1/10 ms
		__ticks = (uint16_t) (__ms * 10.0);
		while(__ticks)
    1c3e:	8d 81       	ldd	r24, Y+5	; 0x05
    1c40:	9e 81       	ldd	r25, Y+6	; 0x06
    1c42:	00 97       	sbiw	r24, 0x00	; 0
    1c44:	69 f7       	brne	.-38     	; 0x1c20 <LCD_vid_8bit_init+0x530>
    1c46:	14 c0       	rjmp	.+40     	; 0x1c70 <LCD_vid_8bit_init+0x580>
			__ticks --;
		}
		return;
	}
	else
		__ticks = (uint16_t)__tmp;
    1c48:	6f 81       	ldd	r22, Y+7	; 0x07
    1c4a:	78 85       	ldd	r23, Y+8	; 0x08
    1c4c:	89 85       	ldd	r24, Y+9	; 0x09
    1c4e:	9a 85       	ldd	r25, Y+10	; 0x0a
    1c50:	0e 94 41 00 	call	0x82	; 0x82 <__fixunssfsi>
    1c54:	dc 01       	movw	r26, r24
    1c56:	cb 01       	movw	r24, r22
    1c58:	9e 83       	std	Y+6, r25	; 0x06
    1c5a:	8d 83       	std	Y+5, r24	; 0x05
    1c5c:	8d 81       	ldd	r24, Y+5	; 0x05
    1c5e:	9e 81       	ldd	r25, Y+6	; 0x06
    1c60:	9a 83       	std	Y+2, r25	; 0x02
    1c62:	89 83       	std	Y+1, r24	; 0x01
    1c64:	89 81       	ldd	r24, Y+1	; 0x01
    1c66:	9a 81       	ldd	r25, Y+2	; 0x02
    1c68:	01 97       	sbiw	r24, 0x01	; 1
    1c6a:	f1 f7       	brne	.-4      	; 0x1c68 <LCD_vid_8bit_init+0x578>
    1c6c:	9a 83       	std	Y+2, r25	; 0x02
    1c6e:	89 83       	std	Y+1, r24	; 0x01
	_delay_ms(1.53);
	LCD_vid_8bit_writecmd(LCD_CMD_ENTRY_MODE_INC);
    1c70:	86 e0       	ldi	r24, 0x06	; 6
    1c72:	0e 94 47 0e 	call	0x1c8e	; 0x1c8e <LCD_vid_8bit_writecmd>
}
    1c76:	c4 5b       	subi	r28, 0xB4	; 180
    1c78:	df 4f       	sbci	r29, 0xFF	; 255
    1c7a:	0f b6       	in	r0, 0x3f	; 63
    1c7c:	f8 94       	cli
    1c7e:	de bf       	out	0x3e, r29	; 62
    1c80:	0f be       	out	0x3f, r0	; 63
    1c82:	cd bf       	out	0x3d, r28	; 61
    1c84:	cf 91       	pop	r28
    1c86:	df 91       	pop	r29
    1c88:	1f 91       	pop	r17
    1c8a:	0f 91       	pop	r16
    1c8c:	08 95       	ret

00001c8e <LCD_vid_8bit_writecmd>:
void LCD_vid_8bit_writecmd(u8 u8Copycommand){
    1c8e:	df 93       	push	r29
    1c90:	cf 93       	push	r28
    1c92:	cd b7       	in	r28, 0x3d	; 61
    1c94:	de b7       	in	r29, 0x3e	; 62
    1c96:	2f 97       	sbiw	r28, 0x0f	; 15
    1c98:	0f b6       	in	r0, 0x3f	; 63
    1c9a:	f8 94       	cli
    1c9c:	de bf       	out	0x3e, r29	; 62
    1c9e:	0f be       	out	0x3f, r0	; 63
    1ca0:	cd bf       	out	0x3d, r28	; 61
    1ca2:	8f 87       	std	Y+15, r24	; 0x0f
	DIO_VidSetPinVal(RS,Low_Pin_Val);
    1ca4:	88 e0       	ldi	r24, 0x08	; 8
    1ca6:	60 e0       	ldi	r22, 0x00	; 0
    1ca8:	0e 94 9a 08 	call	0x1134	; 0x1134 <DIO_VidSetPinVal>
	DIO_VidSetPortVal(LCD_Port,u8Copycommand);
    1cac:	80 e0       	ldi	r24, 0x00	; 0
    1cae:	6f 85       	ldd	r22, Y+15	; 0x0f
    1cb0:	0e 94 35 07 	call	0xe6a	; 0xe6a <DIO_VidSetPortVal>
	DIO_VidSetPinVal(E,High_Pin_Val);
    1cb4:	89 e0       	ldi	r24, 0x09	; 9
    1cb6:	61 e0       	ldi	r22, 0x01	; 1
    1cb8:	0e 94 9a 08 	call	0x1134	; 0x1134 <DIO_VidSetPinVal>
    1cbc:	80 e0       	ldi	r24, 0x00	; 0
    1cbe:	90 e0       	ldi	r25, 0x00	; 0
    1cc0:	a0 e8       	ldi	r26, 0x80	; 128
    1cc2:	bf e3       	ldi	r27, 0x3F	; 63
    1cc4:	8b 87       	std	Y+11, r24	; 0x0b
    1cc6:	9c 87       	std	Y+12, r25	; 0x0c
    1cc8:	ad 87       	std	Y+13, r26	; 0x0d
    1cca:	be 87       	std	Y+14, r27	; 0x0e
 */
void
_delay_ms(double __ms)
{
	uint16_t __ticks;
	double __tmp = ((F_CPU) / 4e3) * __ms;
    1ccc:	6b 85       	ldd	r22, Y+11	; 0x0b
    1cce:	7c 85       	ldd	r23, Y+12	; 0x0c
    1cd0:	8d 85       	ldd	r24, Y+13	; 0x0d
    1cd2:	9e 85       	ldd	r25, Y+14	; 0x0e
    1cd4:	20 e0       	ldi	r18, 0x00	; 0
    1cd6:	30 e0       	ldi	r19, 0x00	; 0
    1cd8:	4a e7       	ldi	r20, 0x7A	; 122
    1cda:	55 e4       	ldi	r21, 0x45	; 69
    1cdc:	0e 94 17 02 	call	0x42e	; 0x42e <__mulsf3>
    1ce0:	dc 01       	movw	r26, r24
    1ce2:	cb 01       	movw	r24, r22
    1ce4:	8f 83       	std	Y+7, r24	; 0x07
    1ce6:	98 87       	std	Y+8, r25	; 0x08
    1ce8:	a9 87       	std	Y+9, r26	; 0x09
    1cea:	ba 87       	std	Y+10, r27	; 0x0a
	if (__tmp < 1.0)
    1cec:	6f 81       	ldd	r22, Y+7	; 0x07
    1cee:	78 85       	ldd	r23, Y+8	; 0x08
    1cf0:	89 85       	ldd	r24, Y+9	; 0x09
    1cf2:	9a 85       	ldd	r25, Y+10	; 0x0a
    1cf4:	20 e0       	ldi	r18, 0x00	; 0
    1cf6:	30 e0       	ldi	r19, 0x00	; 0
    1cf8:	40 e8       	ldi	r20, 0x80	; 128
    1cfa:	5f e3       	ldi	r21, 0x3F	; 63
    1cfc:	0e 94 1d 04 	call	0x83a	; 0x83a <__ltsf2>
    1d00:	88 23       	and	r24, r24
    1d02:	2c f4       	brge	.+10     	; 0x1d0e <LCD_vid_8bit_writecmd+0x80>
		__ticks = 1;
    1d04:	81 e0       	ldi	r24, 0x01	; 1
    1d06:	90 e0       	ldi	r25, 0x00	; 0
    1d08:	9e 83       	std	Y+6, r25	; 0x06
    1d0a:	8d 83       	std	Y+5, r24	; 0x05
    1d0c:	3f c0       	rjmp	.+126    	; 0x1d8c <LCD_vid_8bit_writecmd+0xfe>
	else if (__tmp > 65535)
    1d0e:	6f 81       	ldd	r22, Y+7	; 0x07
    1d10:	78 85       	ldd	r23, Y+8	; 0x08
    1d12:	89 85       	ldd	r24, Y+9	; 0x09
    1d14:	9a 85       	ldd	r25, Y+10	; 0x0a
    1d16:	20 e0       	ldi	r18, 0x00	; 0
    1d18:	3f ef       	ldi	r19, 0xFF	; 255
    1d1a:	4f e7       	ldi	r20, 0x7F	; 127
    1d1c:	57 e4       	ldi	r21, 0x47	; 71
    1d1e:	0e 94 bd 03 	call	0x77a	; 0x77a <__gtsf2>
    1d22:	18 16       	cp	r1, r24
    1d24:	4c f5       	brge	.+82     	; 0x1d78 <LCD_vid_8bit_writecmd+0xea>
	{
		//	__ticks = requested delay in 1/10 ms
		__ticks = (uint16_t) (__ms * 10.0);
    1d26:	6b 85       	ldd	r22, Y+11	; 0x0b
    1d28:	7c 85       	ldd	r23, Y+12	; 0x0c
    1d2a:	8d 85       	ldd	r24, Y+13	; 0x0d
    1d2c:	9e 85       	ldd	r25, Y+14	; 0x0e
    1d2e:	20 e0       	ldi	r18, 0x00	; 0
    1d30:	30 e0       	ldi	r19, 0x00	; 0
    1d32:	40 e2       	ldi	r20, 0x20	; 32
    1d34:	51 e4       	ldi	r21, 0x41	; 65
    1d36:	0e 94 17 02 	call	0x42e	; 0x42e <__mulsf3>
    1d3a:	dc 01       	movw	r26, r24
    1d3c:	cb 01       	movw	r24, r22
    1d3e:	bc 01       	movw	r22, r24
    1d40:	cd 01       	movw	r24, r26
    1d42:	0e 94 41 00 	call	0x82	; 0x82 <__fixunssfsi>
    1d46:	dc 01       	movw	r26, r24
    1d48:	cb 01       	movw	r24, r22
    1d4a:	9e 83       	std	Y+6, r25	; 0x06
    1d4c:	8d 83       	std	Y+5, r24	; 0x05
    1d4e:	0f c0       	rjmp	.+30     	; 0x1d6e <LCD_vid_8bit_writecmd+0xe0>
    1d50:	80 e9       	ldi	r24, 0x90	; 144
    1d52:	91 e0       	ldi	r25, 0x01	; 1
    1d54:	9c 83       	std	Y+4, r25	; 0x04
    1d56:	8b 83       	std	Y+3, r24	; 0x03
    1d58:	8b 81       	ldd	r24, Y+3	; 0x03
    1d5a:	9c 81       	ldd	r25, Y+4	; 0x04
    1d5c:	01 97       	sbiw	r24, 0x01	; 1
    1d5e:	f1 f7       	brne	.-4      	; 0x1d5c <LCD_vid_8bit_writecmd+0xce>
    1d60:	9c 83       	std	Y+4, r25	; 0x04
    1d62:	8b 83       	std	Y+3, r24	; 0x03
		while(__ticks)
		{
			// wait 1/10 ms
			_delay_loop_2(((F_CPU) / 4e3) / 10);
			__ticks --;
    1d64:	8d 81       	ldd	r24, Y+5	; 0x05
    1d66:	9e 81       	ldd	r25, Y+6	; 0x06
    1d68:	01 97       	sbiw	r24, 0x01	; 1
    1d6a:	9e 83       	std	Y+6, r25	; 0x06
    1d6c:	8d 83       	std	Y+5, r24	; 0x05
		__ticks = 1;
	else if (__tmp > 65535)
	{
		//	__ticks = requested delay in 1/10 ms
		__ticks = (uint16_t) (__ms * 10.0);
		while(__ticks)
    1d6e:	8d 81       	ldd	r24, Y+5	; 0x05
    1d70:	9e 81       	ldd	r25, Y+6	; 0x06
    1d72:	00 97       	sbiw	r24, 0x00	; 0
    1d74:	69 f7       	brne	.-38     	; 0x1d50 <LCD_vid_8bit_writecmd+0xc2>
    1d76:	14 c0       	rjmp	.+40     	; 0x1da0 <LCD_vid_8bit_writecmd+0x112>
			__ticks --;
		}
		return;
	}
	else
		__ticks = (uint16_t)__tmp;
    1d78:	6f 81       	ldd	r22, Y+7	; 0x07
    1d7a:	78 85       	ldd	r23, Y+8	; 0x08
    1d7c:	89 85       	ldd	r24, Y+9	; 0x09
    1d7e:	9a 85       	ldd	r25, Y+10	; 0x0a
    1d80:	0e 94 41 00 	call	0x82	; 0x82 <__fixunssfsi>
    1d84:	dc 01       	movw	r26, r24
    1d86:	cb 01       	movw	r24, r22
    1d88:	9e 83       	std	Y+6, r25	; 0x06
    1d8a:	8d 83       	std	Y+5, r24	; 0x05
    1d8c:	8d 81       	ldd	r24, Y+5	; 0x05
    1d8e:	9e 81       	ldd	r25, Y+6	; 0x06
    1d90:	9a 83       	std	Y+2, r25	; 0x02
    1d92:	89 83       	std	Y+1, r24	; 0x01
    1d94:	89 81       	ldd	r24, Y+1	; 0x01
    1d96:	9a 81       	ldd	r25, Y+2	; 0x02
    1d98:	01 97       	sbiw	r24, 0x01	; 1
    1d9a:	f1 f7       	brne	.-4      	; 0x1d98 <LCD_vid_8bit_writecmd+0x10a>
    1d9c:	9a 83       	std	Y+2, r25	; 0x02
    1d9e:	89 83       	std	Y+1, r24	; 0x01
	_delay_ms(1);
	DIO_VidSetPinVal(E,Low_Pin_Val);
    1da0:	89 e0       	ldi	r24, 0x09	; 9
    1da2:	60 e0       	ldi	r22, 0x00	; 0
    1da4:	0e 94 9a 08 	call	0x1134	; 0x1134 <DIO_VidSetPinVal>
}
    1da8:	2f 96       	adiw	r28, 0x0f	; 15
    1daa:	0f b6       	in	r0, 0x3f	; 63
    1dac:	f8 94       	cli
    1dae:	de bf       	out	0x3e, r29	; 62
    1db0:	0f be       	out	0x3f, r0	; 63
    1db2:	cd bf       	out	0x3d, r28	; 61
    1db4:	cf 91       	pop	r28
    1db6:	df 91       	pop	r29
    1db8:	08 95       	ret

00001dba <LCD_vid_8bit_GOTO>:
void LCD_vid_8bit_GOTO(u8 u8CopyRow ,u8 u8CopyCol ){
    1dba:	df 93       	push	r29
    1dbc:	cf 93       	push	r28
    1dbe:	00 d0       	rcall	.+0      	; 0x1dc0 <LCD_vid_8bit_GOTO+0x6>
    1dc0:	00 d0       	rcall	.+0      	; 0x1dc2 <LCD_vid_8bit_GOTO+0x8>
    1dc2:	0f 92       	push	r0
    1dc4:	cd b7       	in	r28, 0x3d	; 61
    1dc6:	de b7       	in	r29, 0x3e	; 62
    1dc8:	8a 83       	std	Y+2, r24	; 0x02
    1dca:	6b 83       	std	Y+3, r22	; 0x03
	u8 address = 0;
    1dcc:	19 82       	std	Y+1, r1	; 0x01
	switch (u8CopyRow){
    1dce:	8a 81       	ldd	r24, Y+2	; 0x02
    1dd0:	28 2f       	mov	r18, r24
    1dd2:	30 e0       	ldi	r19, 0x00	; 0
    1dd4:	3d 83       	std	Y+5, r19	; 0x05
    1dd6:	2c 83       	std	Y+4, r18	; 0x04
    1dd8:	8c 81       	ldd	r24, Y+4	; 0x04
    1dda:	9d 81       	ldd	r25, Y+5	; 0x05
    1ddc:	00 97       	sbiw	r24, 0x00	; 0
    1dde:	31 f0       	breq	.+12     	; 0x1dec <LCD_vid_8bit_GOTO+0x32>
    1de0:	2c 81       	ldd	r18, Y+4	; 0x04
    1de2:	3d 81       	ldd	r19, Y+5	; 0x05
    1de4:	21 30       	cpi	r18, 0x01	; 1
    1de6:	31 05       	cpc	r19, r1
    1de8:	29 f0       	breq	.+10     	; 0x1df4 <LCD_vid_8bit_GOTO+0x3a>
    1dea:	07 c0       	rjmp	.+14     	; 0x1dfa <LCD_vid_8bit_GOTO+0x40>
	case Row1:address = u8CopyCol + LCD_CMD_SET_DDRAM  ;break;
    1dec:	8b 81       	ldd	r24, Y+3	; 0x03
    1dee:	80 58       	subi	r24, 0x80	; 128
    1df0:	89 83       	std	Y+1, r24	; 0x01
    1df2:	03 c0       	rjmp	.+6      	; 0x1dfa <LCD_vid_8bit_GOTO+0x40>
	case Row2:address = u8CopyCol + LCD_CMD_SET_DDRAM + 0x40  ;break;
    1df4:	8b 81       	ldd	r24, Y+3	; 0x03
    1df6:	80 54       	subi	r24, 0x40	; 64
    1df8:	89 83       	std	Y+1, r24	; 0x01
	}
	LCD_vid_8bit_writecmd(address);
    1dfa:	89 81       	ldd	r24, Y+1	; 0x01
    1dfc:	0e 94 47 0e 	call	0x1c8e	; 0x1c8e <LCD_vid_8bit_writecmd>
}
    1e00:	0f 90       	pop	r0
    1e02:	0f 90       	pop	r0
    1e04:	0f 90       	pop	r0
    1e06:	0f 90       	pop	r0
    1e08:	0f 90       	pop	r0
    1e0a:	cf 91       	pop	r28
    1e0c:	df 91       	pop	r29
    1e0e:	08 95       	ret

00001e10 <LCD_vid_8bit_writechar>:
void LCD_vid_8bit_writechar(u8 u8Copychar){
    1e10:	df 93       	push	r29
    1e12:	cf 93       	push	r28
    1e14:	cd b7       	in	r28, 0x3d	; 61
    1e16:	de b7       	in	r29, 0x3e	; 62
    1e18:	2f 97       	sbiw	r28, 0x0f	; 15
    1e1a:	0f b6       	in	r0, 0x3f	; 63
    1e1c:	f8 94       	cli
    1e1e:	de bf       	out	0x3e, r29	; 62
    1e20:	0f be       	out	0x3f, r0	; 63
    1e22:	cd bf       	out	0x3d, r28	; 61
    1e24:	8f 87       	std	Y+15, r24	; 0x0f
	DIO_VidSetPinVal(RS,High_Pin_Val);
    1e26:	88 e0       	ldi	r24, 0x08	; 8
    1e28:	61 e0       	ldi	r22, 0x01	; 1
    1e2a:	0e 94 9a 08 	call	0x1134	; 0x1134 <DIO_VidSetPinVal>
	DIO_VidSetPortVal(LCD_Port,u8Copychar);
    1e2e:	80 e0       	ldi	r24, 0x00	; 0
    1e30:	6f 85       	ldd	r22, Y+15	; 0x0f
    1e32:	0e 94 35 07 	call	0xe6a	; 0xe6a <DIO_VidSetPortVal>
	DIO_VidSetPinVal(E,High_Pin_Val);
    1e36:	89 e0       	ldi	r24, 0x09	; 9
    1e38:	61 e0       	ldi	r22, 0x01	; 1
    1e3a:	0e 94 9a 08 	call	0x1134	; 0x1134 <DIO_VidSetPinVal>
    1e3e:	80 e0       	ldi	r24, 0x00	; 0
    1e40:	90 e0       	ldi	r25, 0x00	; 0
    1e42:	a0 e8       	ldi	r26, 0x80	; 128
    1e44:	bf e3       	ldi	r27, 0x3F	; 63
    1e46:	8b 87       	std	Y+11, r24	; 0x0b
    1e48:	9c 87       	std	Y+12, r25	; 0x0c
    1e4a:	ad 87       	std	Y+13, r26	; 0x0d
    1e4c:	be 87       	std	Y+14, r27	; 0x0e
 */
void
_delay_ms(double __ms)
{
	uint16_t __ticks;
	double __tmp = ((F_CPU) / 4e3) * __ms;
    1e4e:	6b 85       	ldd	r22, Y+11	; 0x0b
    1e50:	7c 85       	ldd	r23, Y+12	; 0x0c
    1e52:	8d 85       	ldd	r24, Y+13	; 0x0d
    1e54:	9e 85       	ldd	r25, Y+14	; 0x0e
    1e56:	20 e0       	ldi	r18, 0x00	; 0
    1e58:	30 e0       	ldi	r19, 0x00	; 0
    1e5a:	4a e7       	ldi	r20, 0x7A	; 122
    1e5c:	55 e4       	ldi	r21, 0x45	; 69
    1e5e:	0e 94 17 02 	call	0x42e	; 0x42e <__mulsf3>
    1e62:	dc 01       	movw	r26, r24
    1e64:	cb 01       	movw	r24, r22
    1e66:	8f 83       	std	Y+7, r24	; 0x07
    1e68:	98 87       	std	Y+8, r25	; 0x08
    1e6a:	a9 87       	std	Y+9, r26	; 0x09
    1e6c:	ba 87       	std	Y+10, r27	; 0x0a
	if (__tmp < 1.0)
    1e6e:	6f 81       	ldd	r22, Y+7	; 0x07
    1e70:	78 85       	ldd	r23, Y+8	; 0x08
    1e72:	89 85       	ldd	r24, Y+9	; 0x09
    1e74:	9a 85       	ldd	r25, Y+10	; 0x0a
    1e76:	20 e0       	ldi	r18, 0x00	; 0
    1e78:	30 e0       	ldi	r19, 0x00	; 0
    1e7a:	40 e8       	ldi	r20, 0x80	; 128
    1e7c:	5f e3       	ldi	r21, 0x3F	; 63
    1e7e:	0e 94 1d 04 	call	0x83a	; 0x83a <__ltsf2>
    1e82:	88 23       	and	r24, r24
    1e84:	2c f4       	brge	.+10     	; 0x1e90 <LCD_vid_8bit_writechar+0x80>
		__ticks = 1;
    1e86:	81 e0       	ldi	r24, 0x01	; 1
    1e88:	90 e0       	ldi	r25, 0x00	; 0
    1e8a:	9e 83       	std	Y+6, r25	; 0x06
    1e8c:	8d 83       	std	Y+5, r24	; 0x05
    1e8e:	3f c0       	rjmp	.+126    	; 0x1f0e <LCD_vid_8bit_writechar+0xfe>
	else if (__tmp > 65535)
    1e90:	6f 81       	ldd	r22, Y+7	; 0x07
    1e92:	78 85       	ldd	r23, Y+8	; 0x08
    1e94:	89 85       	ldd	r24, Y+9	; 0x09
    1e96:	9a 85       	ldd	r25, Y+10	; 0x0a
    1e98:	20 e0       	ldi	r18, 0x00	; 0
    1e9a:	3f ef       	ldi	r19, 0xFF	; 255
    1e9c:	4f e7       	ldi	r20, 0x7F	; 127
    1e9e:	57 e4       	ldi	r21, 0x47	; 71
    1ea0:	0e 94 bd 03 	call	0x77a	; 0x77a <__gtsf2>
    1ea4:	18 16       	cp	r1, r24
    1ea6:	4c f5       	brge	.+82     	; 0x1efa <LCD_vid_8bit_writechar+0xea>
	{
		//	__ticks = requested delay in 1/10 ms
		__ticks = (uint16_t) (__ms * 10.0);
    1ea8:	6b 85       	ldd	r22, Y+11	; 0x0b
    1eaa:	7c 85       	ldd	r23, Y+12	; 0x0c
    1eac:	8d 85       	ldd	r24, Y+13	; 0x0d
    1eae:	9e 85       	ldd	r25, Y+14	; 0x0e
    1eb0:	20 e0       	ldi	r18, 0x00	; 0
    1eb2:	30 e0       	ldi	r19, 0x00	; 0
    1eb4:	40 e2       	ldi	r20, 0x20	; 32
    1eb6:	51 e4       	ldi	r21, 0x41	; 65
    1eb8:	0e 94 17 02 	call	0x42e	; 0x42e <__mulsf3>
    1ebc:	dc 01       	movw	r26, r24
    1ebe:	cb 01       	movw	r24, r22
    1ec0:	bc 01       	movw	r22, r24
    1ec2:	cd 01       	movw	r24, r26
    1ec4:	0e 94 41 00 	call	0x82	; 0x82 <__fixunssfsi>
    1ec8:	dc 01       	movw	r26, r24
    1eca:	cb 01       	movw	r24, r22
    1ecc:	9e 83       	std	Y+6, r25	; 0x06
    1ece:	8d 83       	std	Y+5, r24	; 0x05
    1ed0:	0f c0       	rjmp	.+30     	; 0x1ef0 <LCD_vid_8bit_writechar+0xe0>
    1ed2:	80 e9       	ldi	r24, 0x90	; 144
    1ed4:	91 e0       	ldi	r25, 0x01	; 1
    1ed6:	9c 83       	std	Y+4, r25	; 0x04
    1ed8:	8b 83       	std	Y+3, r24	; 0x03
    1eda:	8b 81       	ldd	r24, Y+3	; 0x03
    1edc:	9c 81       	ldd	r25, Y+4	; 0x04
    1ede:	01 97       	sbiw	r24, 0x01	; 1
    1ee0:	f1 f7       	brne	.-4      	; 0x1ede <LCD_vid_8bit_writechar+0xce>
    1ee2:	9c 83       	std	Y+4, r25	; 0x04
    1ee4:	8b 83       	std	Y+3, r24	; 0x03
		while(__ticks)
		{
			// wait 1/10 ms
			_delay_loop_2(((F_CPU) / 4e3) / 10);
			__ticks --;
    1ee6:	8d 81       	ldd	r24, Y+5	; 0x05
    1ee8:	9e 81       	ldd	r25, Y+6	; 0x06
    1eea:	01 97       	sbiw	r24, 0x01	; 1
    1eec:	9e 83       	std	Y+6, r25	; 0x06
    1eee:	8d 83       	std	Y+5, r24	; 0x05
		__ticks = 1;
	else if (__tmp > 65535)
	{
		//	__ticks = requested delay in 1/10 ms
		__ticks = (uint16_t) (__ms * 10.0);
		while(__ticks)
    1ef0:	8d 81       	ldd	r24, Y+5	; 0x05
    1ef2:	9e 81       	ldd	r25, Y+6	; 0x06
    1ef4:	00 97       	sbiw	r24, 0x00	; 0
    1ef6:	69 f7       	brne	.-38     	; 0x1ed2 <LCD_vid_8bit_writechar+0xc2>
    1ef8:	14 c0       	rjmp	.+40     	; 0x1f22 <LCD_vid_8bit_writechar+0x112>
			__ticks --;
		}
		return;
	}
	else
		__ticks = (uint16_t)__tmp;
    1efa:	6f 81       	ldd	r22, Y+7	; 0x07
    1efc:	78 85       	ldd	r23, Y+8	; 0x08
    1efe:	89 85       	ldd	r24, Y+9	; 0x09
    1f00:	9a 85       	ldd	r25, Y+10	; 0x0a
    1f02:	0e 94 41 00 	call	0x82	; 0x82 <__fixunssfsi>
    1f06:	dc 01       	movw	r26, r24
    1f08:	cb 01       	movw	r24, r22
    1f0a:	9e 83       	std	Y+6, r25	; 0x06
    1f0c:	8d 83       	std	Y+5, r24	; 0x05
    1f0e:	8d 81       	ldd	r24, Y+5	; 0x05
    1f10:	9e 81       	ldd	r25, Y+6	; 0x06
    1f12:	9a 83       	std	Y+2, r25	; 0x02
    1f14:	89 83       	std	Y+1, r24	; 0x01
    1f16:	89 81       	ldd	r24, Y+1	; 0x01
    1f18:	9a 81       	ldd	r25, Y+2	; 0x02
    1f1a:	01 97       	sbiw	r24, 0x01	; 1
    1f1c:	f1 f7       	brne	.-4      	; 0x1f1a <LCD_vid_8bit_writechar+0x10a>
    1f1e:	9a 83       	std	Y+2, r25	; 0x02
    1f20:	89 83       	std	Y+1, r24	; 0x01
	_delay_ms(1);
	DIO_VidSetPinVal(E,Low_Pin_Val);
    1f22:	89 e0       	ldi	r24, 0x09	; 9
    1f24:	60 e0       	ldi	r22, 0x00	; 0
    1f26:	0e 94 9a 08 	call	0x1134	; 0x1134 <DIO_VidSetPinVal>
}
    1f2a:	2f 96       	adiw	r28, 0x0f	; 15
    1f2c:	0f b6       	in	r0, 0x3f	; 63
    1f2e:	f8 94       	cli
    1f30:	de bf       	out	0x3e, r29	; 62
    1f32:	0f be       	out	0x3f, r0	; 63
    1f34:	cd bf       	out	0x3d, r28	; 61
    1f36:	cf 91       	pop	r28
    1f38:	df 91       	pop	r29
    1f3a:	08 95       	ret

00001f3c <LCD_vid_8bit_writestr>:
void LCD_vid_8bit_writestr(u8 *u8Copystr){
    1f3c:	df 93       	push	r29
    1f3e:	cf 93       	push	r28
    1f40:	cd b7       	in	r28, 0x3d	; 61
    1f42:	de b7       	in	r29, 0x3e	; 62
    1f44:	61 97       	sbiw	r28, 0x11	; 17
    1f46:	0f b6       	in	r0, 0x3f	; 63
    1f48:	f8 94       	cli
    1f4a:	de bf       	out	0x3e, r29	; 62
    1f4c:	0f be       	out	0x3f, r0	; 63
    1f4e:	cd bf       	out	0x3d, r28	; 61
    1f50:	99 8b       	std	Y+17, r25	; 0x11
    1f52:	88 8b       	std	Y+16, r24	; 0x10
	DIO_VidSetPinVal(RS,High_Pin_Val);
    1f54:	88 e0       	ldi	r24, 0x08	; 8
    1f56:	61 e0       	ldi	r22, 0x01	; 1
    1f58:	0e 94 9a 08 	call	0x1134	; 0x1134 <DIO_VidSetPinVal>
	for (u8 i =0; u8Copystr[i] != '\0' ;i++){
    1f5c:	1f 86       	std	Y+15, r1	; 0x0f
    1f5e:	8a c0       	rjmp	.+276    	; 0x2074 <LCD_vid_8bit_writestr+0x138>
		DIO_VidSetPortVal(LCD_Port,u8Copystr[i]);
    1f60:	8f 85       	ldd	r24, Y+15	; 0x0f
    1f62:	28 2f       	mov	r18, r24
    1f64:	30 e0       	ldi	r19, 0x00	; 0
    1f66:	88 89       	ldd	r24, Y+16	; 0x10
    1f68:	99 89       	ldd	r25, Y+17	; 0x11
    1f6a:	fc 01       	movw	r30, r24
    1f6c:	e2 0f       	add	r30, r18
    1f6e:	f3 1f       	adc	r31, r19
    1f70:	90 81       	ld	r25, Z
    1f72:	80 e0       	ldi	r24, 0x00	; 0
    1f74:	69 2f       	mov	r22, r25
    1f76:	0e 94 35 07 	call	0xe6a	; 0xe6a <DIO_VidSetPortVal>
		DIO_VidSetPinVal(E,High_Pin_Val);
    1f7a:	89 e0       	ldi	r24, 0x09	; 9
    1f7c:	61 e0       	ldi	r22, 0x01	; 1
    1f7e:	0e 94 9a 08 	call	0x1134	; 0x1134 <DIO_VidSetPinVal>
    1f82:	80 e0       	ldi	r24, 0x00	; 0
    1f84:	90 e0       	ldi	r25, 0x00	; 0
    1f86:	a0 e8       	ldi	r26, 0x80	; 128
    1f88:	bf e3       	ldi	r27, 0x3F	; 63
    1f8a:	8b 87       	std	Y+11, r24	; 0x0b
    1f8c:	9c 87       	std	Y+12, r25	; 0x0c
    1f8e:	ad 87       	std	Y+13, r26	; 0x0d
    1f90:	be 87       	std	Y+14, r27	; 0x0e
 */
void
_delay_ms(double __ms)
{
	uint16_t __ticks;
	double __tmp = ((F_CPU) / 4e3) * __ms;
    1f92:	6b 85       	ldd	r22, Y+11	; 0x0b
    1f94:	7c 85       	ldd	r23, Y+12	; 0x0c
    1f96:	8d 85       	ldd	r24, Y+13	; 0x0d
    1f98:	9e 85       	ldd	r25, Y+14	; 0x0e
    1f9a:	20 e0       	ldi	r18, 0x00	; 0
    1f9c:	30 e0       	ldi	r19, 0x00	; 0
    1f9e:	4a e7       	ldi	r20, 0x7A	; 122
    1fa0:	55 e4       	ldi	r21, 0x45	; 69
    1fa2:	0e 94 17 02 	call	0x42e	; 0x42e <__mulsf3>
    1fa6:	dc 01       	movw	r26, r24
    1fa8:	cb 01       	movw	r24, r22
    1faa:	8f 83       	std	Y+7, r24	; 0x07
    1fac:	98 87       	std	Y+8, r25	; 0x08
    1fae:	a9 87       	std	Y+9, r26	; 0x09
    1fb0:	ba 87       	std	Y+10, r27	; 0x0a
	if (__tmp < 1.0)
    1fb2:	6f 81       	ldd	r22, Y+7	; 0x07
    1fb4:	78 85       	ldd	r23, Y+8	; 0x08
    1fb6:	89 85       	ldd	r24, Y+9	; 0x09
    1fb8:	9a 85       	ldd	r25, Y+10	; 0x0a
    1fba:	20 e0       	ldi	r18, 0x00	; 0
    1fbc:	30 e0       	ldi	r19, 0x00	; 0
    1fbe:	40 e8       	ldi	r20, 0x80	; 128
    1fc0:	5f e3       	ldi	r21, 0x3F	; 63
    1fc2:	0e 94 1d 04 	call	0x83a	; 0x83a <__ltsf2>
    1fc6:	88 23       	and	r24, r24
    1fc8:	2c f4       	brge	.+10     	; 0x1fd4 <LCD_vid_8bit_writestr+0x98>
		__ticks = 1;
    1fca:	81 e0       	ldi	r24, 0x01	; 1
    1fcc:	90 e0       	ldi	r25, 0x00	; 0
    1fce:	9e 83       	std	Y+6, r25	; 0x06
    1fd0:	8d 83       	std	Y+5, r24	; 0x05
    1fd2:	3f c0       	rjmp	.+126    	; 0x2052 <LCD_vid_8bit_writestr+0x116>
	else if (__tmp > 65535)
    1fd4:	6f 81       	ldd	r22, Y+7	; 0x07
    1fd6:	78 85       	ldd	r23, Y+8	; 0x08
    1fd8:	89 85       	ldd	r24, Y+9	; 0x09
    1fda:	9a 85       	ldd	r25, Y+10	; 0x0a
    1fdc:	20 e0       	ldi	r18, 0x00	; 0
    1fde:	3f ef       	ldi	r19, 0xFF	; 255
    1fe0:	4f e7       	ldi	r20, 0x7F	; 127
    1fe2:	57 e4       	ldi	r21, 0x47	; 71
    1fe4:	0e 94 bd 03 	call	0x77a	; 0x77a <__gtsf2>
    1fe8:	18 16       	cp	r1, r24
    1fea:	4c f5       	brge	.+82     	; 0x203e <LCD_vid_8bit_writestr+0x102>
	{
		//	__ticks = requested delay in 1/10 ms
		__ticks = (uint16_t) (__ms * 10.0);
    1fec:	6b 85       	ldd	r22, Y+11	; 0x0b
    1fee:	7c 85       	ldd	r23, Y+12	; 0x0c
    1ff0:	8d 85       	ldd	r24, Y+13	; 0x0d
    1ff2:	9e 85       	ldd	r25, Y+14	; 0x0e
    1ff4:	20 e0       	ldi	r18, 0x00	; 0
    1ff6:	30 e0       	ldi	r19, 0x00	; 0
    1ff8:	40 e2       	ldi	r20, 0x20	; 32
    1ffa:	51 e4       	ldi	r21, 0x41	; 65
    1ffc:	0e 94 17 02 	call	0x42e	; 0x42e <__mulsf3>
    2000:	dc 01       	movw	r26, r24
    2002:	cb 01       	movw	r24, r22
    2004:	bc 01       	movw	r22, r24
    2006:	cd 01       	movw	r24, r26
    2008:	0e 94 41 00 	call	0x82	; 0x82 <__fixunssfsi>
    200c:	dc 01       	movw	r26, r24
    200e:	cb 01       	movw	r24, r22
    2010:	9e 83       	std	Y+6, r25	; 0x06
    2012:	8d 83       	std	Y+5, r24	; 0x05
    2014:	0f c0       	rjmp	.+30     	; 0x2034 <LCD_vid_8bit_writestr+0xf8>
    2016:	80 e9       	ldi	r24, 0x90	; 144
    2018:	91 e0       	ldi	r25, 0x01	; 1
    201a:	9c 83       	std	Y+4, r25	; 0x04
    201c:	8b 83       	std	Y+3, r24	; 0x03
    201e:	8b 81       	ldd	r24, Y+3	; 0x03
    2020:	9c 81       	ldd	r25, Y+4	; 0x04
    2022:	01 97       	sbiw	r24, 0x01	; 1
    2024:	f1 f7       	brne	.-4      	; 0x2022 <LCD_vid_8bit_writestr+0xe6>
    2026:	9c 83       	std	Y+4, r25	; 0x04
    2028:	8b 83       	std	Y+3, r24	; 0x03
		while(__ticks)
		{
			// wait 1/10 ms
			_delay_loop_2(((F_CPU) / 4e3) / 10);
			__ticks --;
    202a:	8d 81       	ldd	r24, Y+5	; 0x05
    202c:	9e 81       	ldd	r25, Y+6	; 0x06
    202e:	01 97       	sbiw	r24, 0x01	; 1
    2030:	9e 83       	std	Y+6, r25	; 0x06
    2032:	8d 83       	std	Y+5, r24	; 0x05
		__ticks = 1;
	else if (__tmp > 65535)
	{
		//	__ticks = requested delay in 1/10 ms
		__ticks = (uint16_t) (__ms * 10.0);
		while(__ticks)
    2034:	8d 81       	ldd	r24, Y+5	; 0x05
    2036:	9e 81       	ldd	r25, Y+6	; 0x06
    2038:	00 97       	sbiw	r24, 0x00	; 0
    203a:	69 f7       	brne	.-38     	; 0x2016 <LCD_vid_8bit_writestr+0xda>
    203c:	14 c0       	rjmp	.+40     	; 0x2066 <LCD_vid_8bit_writestr+0x12a>
			__ticks --;
		}
		return;
	}
	else
		__ticks = (uint16_t)__tmp;
    203e:	6f 81       	ldd	r22, Y+7	; 0x07
    2040:	78 85       	ldd	r23, Y+8	; 0x08
    2042:	89 85       	ldd	r24, Y+9	; 0x09
    2044:	9a 85       	ldd	r25, Y+10	; 0x0a
    2046:	0e 94 41 00 	call	0x82	; 0x82 <__fixunssfsi>
    204a:	dc 01       	movw	r26, r24
    204c:	cb 01       	movw	r24, r22
    204e:	9e 83       	std	Y+6, r25	; 0x06
    2050:	8d 83       	std	Y+5, r24	; 0x05
    2052:	8d 81       	ldd	r24, Y+5	; 0x05
    2054:	9e 81       	ldd	r25, Y+6	; 0x06
    2056:	9a 83       	std	Y+2, r25	; 0x02
    2058:	89 83       	std	Y+1, r24	; 0x01
    205a:	89 81       	ldd	r24, Y+1	; 0x01
    205c:	9a 81       	ldd	r25, Y+2	; 0x02
    205e:	01 97       	sbiw	r24, 0x01	; 1
    2060:	f1 f7       	brne	.-4      	; 0x205e <LCD_vid_8bit_writestr+0x122>
    2062:	9a 83       	std	Y+2, r25	; 0x02
    2064:	89 83       	std	Y+1, r24	; 0x01
		_delay_ms(1);
		DIO_VidSetPinVal(E,Low_Pin_Val);
    2066:	89 e0       	ldi	r24, 0x09	; 9
    2068:	60 e0       	ldi	r22, 0x00	; 0
    206a:	0e 94 9a 08 	call	0x1134	; 0x1134 <DIO_VidSetPinVal>
	_delay_ms(1);
	DIO_VidSetPinVal(E,Low_Pin_Val);
}
void LCD_vid_8bit_writestr(u8 *u8Copystr){
	DIO_VidSetPinVal(RS,High_Pin_Val);
	for (u8 i =0; u8Copystr[i] != '\0' ;i++){
    206e:	8f 85       	ldd	r24, Y+15	; 0x0f
    2070:	8f 5f       	subi	r24, 0xFF	; 255
    2072:	8f 87       	std	Y+15, r24	; 0x0f
    2074:	8f 85       	ldd	r24, Y+15	; 0x0f
    2076:	28 2f       	mov	r18, r24
    2078:	30 e0       	ldi	r19, 0x00	; 0
    207a:	88 89       	ldd	r24, Y+16	; 0x10
    207c:	99 89       	ldd	r25, Y+17	; 0x11
    207e:	fc 01       	movw	r30, r24
    2080:	e2 0f       	add	r30, r18
    2082:	f3 1f       	adc	r31, r19
    2084:	80 81       	ld	r24, Z
    2086:	88 23       	and	r24, r24
    2088:	09 f0       	breq	.+2      	; 0x208c <LCD_vid_8bit_writestr+0x150>
    208a:	6a cf       	rjmp	.-300    	; 0x1f60 <LCD_vid_8bit_writestr+0x24>
		DIO_VidSetPortVal(LCD_Port,u8Copystr[i]);
		DIO_VidSetPinVal(E,High_Pin_Val);
		_delay_ms(1);
		DIO_VidSetPinVal(E,Low_Pin_Val);
	}
}
    208c:	61 96       	adiw	r28, 0x11	; 17
    208e:	0f b6       	in	r0, 0x3f	; 63
    2090:	f8 94       	cli
    2092:	de bf       	out	0x3e, r29	; 62
    2094:	0f be       	out	0x3f, r0	; 63
    2096:	cd bf       	out	0x3d, r28	; 61
    2098:	cf 91       	pop	r28
    209a:	df 91       	pop	r29
    209c:	08 95       	ret

0000209e <LCD_vid_8bit_writeint>:
void LCD_vid_8bit_writeint(s32 s32Copyint){
    209e:	df 93       	push	r29
    20a0:	cf 93       	push	r28
    20a2:	cd b7       	in	r28, 0x3d	; 61
    20a4:	de b7       	in	r29, 0x3e	; 62
    20a6:	28 97       	sbiw	r28, 0x08	; 8
    20a8:	0f b6       	in	r0, 0x3f	; 63
    20aa:	f8 94       	cli
    20ac:	de bf       	out	0x3e, r29	; 62
    20ae:	0f be       	out	0x3f, r0	; 63
    20b0:	cd bf       	out	0x3d, r28	; 61
    20b2:	6d 83       	std	Y+5, r22	; 0x05
    20b4:	7e 83       	std	Y+6, r23	; 0x06
    20b6:	8f 83       	std	Y+7, r24	; 0x07
    20b8:	98 87       	std	Y+8, r25	; 0x08
	u32 u32Number;

		    if(s32Copyint < 0)
    20ba:	8d 81       	ldd	r24, Y+5	; 0x05
    20bc:	9e 81       	ldd	r25, Y+6	; 0x06
    20be:	af 81       	ldd	r26, Y+7	; 0x07
    20c0:	b8 85       	ldd	r27, Y+8	; 0x08
    20c2:	bb 23       	and	r27, r27
    20c4:	dc f4       	brge	.+54     	; 0x20fc <LCD_vid_8bit_writeint+0x5e>
		    {
		        LCD_vid_8bit_writechar('-');
    20c6:	8d e2       	ldi	r24, 0x2D	; 45
    20c8:	0e 94 08 0f 	call	0x1e10	; 0x1e10 <LCD_vid_8bit_writechar>

		        u32Number = -(s32Copyint + 1);
    20cc:	8d 81       	ldd	r24, Y+5	; 0x05
    20ce:	9e 81       	ldd	r25, Y+6	; 0x06
    20d0:	af 81       	ldd	r26, Y+7	; 0x07
    20d2:	b8 85       	ldd	r27, Y+8	; 0x08
    20d4:	80 95       	com	r24
    20d6:	90 95       	com	r25
    20d8:	a0 95       	com	r26
    20da:	b0 95       	com	r27
    20dc:	89 83       	std	Y+1, r24	; 0x01
    20de:	9a 83       	std	Y+2, r25	; 0x02
    20e0:	ab 83       	std	Y+3, r26	; 0x03
    20e2:	bc 83       	std	Y+4, r27	; 0x04
		        u32Number++;
    20e4:	89 81       	ldd	r24, Y+1	; 0x01
    20e6:	9a 81       	ldd	r25, Y+2	; 0x02
    20e8:	ab 81       	ldd	r26, Y+3	; 0x03
    20ea:	bc 81       	ldd	r27, Y+4	; 0x04
    20ec:	01 96       	adiw	r24, 0x01	; 1
    20ee:	a1 1d       	adc	r26, r1
    20f0:	b1 1d       	adc	r27, r1
    20f2:	89 83       	std	Y+1, r24	; 0x01
    20f4:	9a 83       	std	Y+2, r25	; 0x02
    20f6:	ab 83       	std	Y+3, r26	; 0x03
    20f8:	bc 83       	std	Y+4, r27	; 0x04
    20fa:	08 c0       	rjmp	.+16     	; 0x210c <LCD_vid_8bit_writeint+0x6e>
		    }
		    else
		    {
		        u32Number = s32Copyint;
    20fc:	8d 81       	ldd	r24, Y+5	; 0x05
    20fe:	9e 81       	ldd	r25, Y+6	; 0x06
    2100:	af 81       	ldd	r26, Y+7	; 0x07
    2102:	b8 85       	ldd	r27, Y+8	; 0x08
    2104:	89 83       	std	Y+1, r24	; 0x01
    2106:	9a 83       	std	Y+2, r25	; 0x02
    2108:	ab 83       	std	Y+3, r26	; 0x03
    210a:	bc 83       	std	Y+4, r27	; 0x04
		    }

		    if(u32Number >= 10)
    210c:	89 81       	ldd	r24, Y+1	; 0x01
    210e:	9a 81       	ldd	r25, Y+2	; 0x02
    2110:	ab 81       	ldd	r26, Y+3	; 0x03
    2112:	bc 81       	ldd	r27, Y+4	; 0x04
    2114:	8a 30       	cpi	r24, 0x0A	; 10
    2116:	91 05       	cpc	r25, r1
    2118:	a1 05       	cpc	r26, r1
    211a:	b1 05       	cpc	r27, r1
    211c:	90 f0       	brcs	.+36     	; 0x2142 <LCD_vid_8bit_writeint+0xa4>
		    {
		        LCD_vid_8bit_writeint(u32Number / 10);
    211e:	89 81       	ldd	r24, Y+1	; 0x01
    2120:	9a 81       	ldd	r25, Y+2	; 0x02
    2122:	ab 81       	ldd	r26, Y+3	; 0x03
    2124:	bc 81       	ldd	r27, Y+4	; 0x04
    2126:	2a e0       	ldi	r18, 0x0A	; 10
    2128:	30 e0       	ldi	r19, 0x00	; 0
    212a:	40 e0       	ldi	r20, 0x00	; 0
    212c:	50 e0       	ldi	r21, 0x00	; 0
    212e:	bc 01       	movw	r22, r24
    2130:	cd 01       	movw	r24, r26
    2132:	0e 94 75 13 	call	0x26ea	; 0x26ea <__udivmodsi4>
    2136:	da 01       	movw	r26, r20
    2138:	c9 01       	movw	r24, r18
    213a:	bc 01       	movw	r22, r24
    213c:	cd 01       	movw	r24, r26
    213e:	0e 94 4f 10 	call	0x209e	; 0x209e <LCD_vid_8bit_writeint>
		    }

		    LCD_vid_8bit_writechar((u32Number % 10) + '0');
    2142:	89 81       	ldd	r24, Y+1	; 0x01
    2144:	9a 81       	ldd	r25, Y+2	; 0x02
    2146:	ab 81       	ldd	r26, Y+3	; 0x03
    2148:	bc 81       	ldd	r27, Y+4	; 0x04
    214a:	2a e0       	ldi	r18, 0x0A	; 10
    214c:	30 e0       	ldi	r19, 0x00	; 0
    214e:	40 e0       	ldi	r20, 0x00	; 0
    2150:	50 e0       	ldi	r21, 0x00	; 0
    2152:	bc 01       	movw	r22, r24
    2154:	cd 01       	movw	r24, r26
    2156:	0e 94 75 13 	call	0x26ea	; 0x26ea <__udivmodsi4>
    215a:	dc 01       	movw	r26, r24
    215c:	cb 01       	movw	r24, r22
    215e:	80 5d       	subi	r24, 0xD0	; 208
    2160:	0e 94 08 0f 	call	0x1e10	; 0x1e10 <LCD_vid_8bit_writechar>

}
    2164:	28 96       	adiw	r28, 0x08	; 8
    2166:	0f b6       	in	r0, 0x3f	; 63
    2168:	f8 94       	cli
    216a:	de bf       	out	0x3e, r29	; 62
    216c:	0f be       	out	0x3f, r0	; 63
    216e:	cd bf       	out	0x3d, r28	; 61
    2170:	cf 91       	pop	r28
    2172:	df 91       	pop	r29
    2174:	08 95       	ret

00002176 <LCD_vid_8bit_writefloat>:

void LCD_vid_8bit_writefloat(f64 f64Copyfloat){
    2176:	df 93       	push	r29
    2178:	cf 93       	push	r28
    217a:	cd b7       	in	r28, 0x3d	; 61
    217c:	de b7       	in	r29, 0x3e	; 62
    217e:	2c 97       	sbiw	r28, 0x0c	; 12
    2180:	0f b6       	in	r0, 0x3f	; 63
    2182:	f8 94       	cli
    2184:	de bf       	out	0x3e, r29	; 62
    2186:	0f be       	out	0x3f, r0	; 63
    2188:	cd bf       	out	0x3d, r28	; 61
    218a:	69 87       	std	Y+9, r22	; 0x09
    218c:	7a 87       	std	Y+10, r23	; 0x0a
    218e:	8b 87       	std	Y+11, r24	; 0x0b
    2190:	9c 87       	std	Y+12, r25	; 0x0c
	    s32 integer_part;
	    u32 decimal_part;

	    if(f64Copyfloat < 0)
    2192:	69 85       	ldd	r22, Y+9	; 0x09
    2194:	7a 85       	ldd	r23, Y+10	; 0x0a
    2196:	8b 85       	ldd	r24, Y+11	; 0x0b
    2198:	9c 85       	ldd	r25, Y+12	; 0x0c
    219a:	20 e0       	ldi	r18, 0x00	; 0
    219c:	30 e0       	ldi	r19, 0x00	; 0
    219e:	40 e0       	ldi	r20, 0x00	; 0
    21a0:	50 e0       	ldi	r21, 0x00	; 0
    21a2:	0e 94 1d 04 	call	0x83a	; 0x83a <__ltsf2>
    21a6:	88 23       	and	r24, r24
    21a8:	64 f4       	brge	.+24     	; 0x21c2 <LCD_vid_8bit_writefloat+0x4c>
	    {
	        LCD_vid_8bit_writechar('-');
    21aa:	8d e2       	ldi	r24, 0x2D	; 45
    21ac:	0e 94 08 0f 	call	0x1e10	; 0x1e10 <LCD_vid_8bit_writechar>

	        f64Copyfloat = -f64Copyfloat;
    21b0:	89 85       	ldd	r24, Y+9	; 0x09
    21b2:	9a 85       	ldd	r25, Y+10	; 0x0a
    21b4:	ab 85       	ldd	r26, Y+11	; 0x0b
    21b6:	bc 85       	ldd	r27, Y+12	; 0x0c
    21b8:	b0 58       	subi	r27, 0x80	; 128
    21ba:	89 87       	std	Y+9, r24	; 0x09
    21bc:	9a 87       	std	Y+10, r25	; 0x0a
    21be:	ab 87       	std	Y+11, r26	; 0x0b
    21c0:	bc 87       	std	Y+12, r27	; 0x0c
	    }

	    integer_part = (s32)f64Copyfloat;
    21c2:	69 85       	ldd	r22, Y+9	; 0x09
    21c4:	7a 85       	ldd	r23, Y+10	; 0x0a
    21c6:	8b 85       	ldd	r24, Y+11	; 0x0b
    21c8:	9c 85       	ldd	r25, Y+12	; 0x0c
    21ca:	0e 94 ab 04 	call	0x956	; 0x956 <__fixsfsi>
    21ce:	dc 01       	movw	r26, r24
    21d0:	cb 01       	movw	r24, r22
    21d2:	8d 83       	std	Y+5, r24	; 0x05
    21d4:	9e 83       	std	Y+6, r25	; 0x06
    21d6:	af 83       	std	Y+7, r26	; 0x07
    21d8:	b8 87       	std	Y+8, r27	; 0x08

	    decimal_part = (u32)((f64Copyfloat - integer_part) * 10);
    21da:	6d 81       	ldd	r22, Y+5	; 0x05
    21dc:	7e 81       	ldd	r23, Y+6	; 0x06
    21de:	8f 81       	ldd	r24, Y+7	; 0x07
    21e0:	98 85       	ldd	r25, Y+8	; 0x08
    21e2:	0e 94 4d 04 	call	0x89a	; 0x89a <__floatsisf>
    21e6:	9b 01       	movw	r18, r22
    21e8:	ac 01       	movw	r20, r24
    21ea:	69 85       	ldd	r22, Y+9	; 0x09
    21ec:	7a 85       	ldd	r23, Y+10	; 0x0a
    21ee:	8b 85       	ldd	r24, Y+11	; 0x0b
    21f0:	9c 85       	ldd	r25, Y+12	; 0x0c
    21f2:	0e 94 b9 01 	call	0x372	; 0x372 <__subsf3>
    21f6:	dc 01       	movw	r26, r24
    21f8:	cb 01       	movw	r24, r22
    21fa:	bc 01       	movw	r22, r24
    21fc:	cd 01       	movw	r24, r26
    21fe:	20 e0       	ldi	r18, 0x00	; 0
    2200:	30 e0       	ldi	r19, 0x00	; 0
    2202:	40 e2       	ldi	r20, 0x20	; 32
    2204:	51 e4       	ldi	r21, 0x41	; 65
    2206:	0e 94 17 02 	call	0x42e	; 0x42e <__mulsf3>
    220a:	dc 01       	movw	r26, r24
    220c:	cb 01       	movw	r24, r22
    220e:	bc 01       	movw	r22, r24
    2210:	cd 01       	movw	r24, r26
    2212:	0e 94 41 00 	call	0x82	; 0x82 <__fixunssfsi>
    2216:	dc 01       	movw	r26, r24
    2218:	cb 01       	movw	r24, r22
    221a:	89 83       	std	Y+1, r24	; 0x01
    221c:	9a 83       	std	Y+2, r25	; 0x02
    221e:	ab 83       	std	Y+3, r26	; 0x03
    2220:	bc 83       	std	Y+4, r27	; 0x04

	    LCD_vid_8bit_writeint(integer_part);
    2222:	8d 81       	ldd	r24, Y+5	; 0x05
    2224:	9e 81       	ldd	r25, Y+6	; 0x06
    2226:	af 81       	ldd	r26, Y+7	; 0x07
    2228:	b8 85       	ldd	r27, Y+8	; 0x08
    222a:	bc 01       	movw	r22, r24
    222c:	cd 01       	movw	r24, r26
    222e:	0e 94 4f 10 	call	0x209e	; 0x209e <LCD_vid_8bit_writeint>

	    LCD_vid_8bit_writechar('.');
    2232:	8e e2       	ldi	r24, 0x2E	; 46
    2234:	0e 94 08 0f 	call	0x1e10	; 0x1e10 <LCD_vid_8bit_writechar>

	    LCD_vid_8bit_writeint(decimal_part);
    2238:	89 81       	ldd	r24, Y+1	; 0x01
    223a:	9a 81       	ldd	r25, Y+2	; 0x02
    223c:	ab 81       	ldd	r26, Y+3	; 0x03
    223e:	bc 81       	ldd	r27, Y+4	; 0x04
    2240:	bc 01       	movw	r22, r24
    2242:	cd 01       	movw	r24, r26
    2244:	0e 94 4f 10 	call	0x209e	; 0x209e <LCD_vid_8bit_writeint>
}
    2248:	2c 96       	adiw	r28, 0x0c	; 12
    224a:	0f b6       	in	r0, 0x3f	; 63
    224c:	f8 94       	cli
    224e:	de bf       	out	0x3e, r29	; 62
    2250:	0f be       	out	0x3f, r0	; 63
    2252:	cd bf       	out	0x3d, r28	; 61
    2254:	cf 91       	pop	r28
    2256:	df 91       	pop	r29
    2258:	08 95       	ret

0000225a <KEYPAD_vid_init>:
#include "../../MCAL/DIO/dio_init.h"
#include "Keypad_config.h"
#include "Keypad_init.h"
#include <util/delay.h>

void KEYPAD_vid_init(){
    225a:	df 93       	push	r29
    225c:	cf 93       	push	r28
    225e:	cd b7       	in	r28, 0x3d	; 61
    2260:	de b7       	in	r29, 0x3e	; 62
	//internal pull-up resistance //
	DIO_VidSetPinsDir(KeyPad_ROW_PINS,KEY_NO_ROWS,Input_DDR_Pin);
    2262:	80 e8       	ldi	r24, 0x80	; 128
    2264:	91 e0       	ldi	r25, 0x01	; 1
    2266:	64 e0       	ldi	r22, 0x04	; 4
    2268:	40 e0       	ldi	r20, 0x00	; 0
    226a:	0e 94 72 0a 	call	0x14e4	; 0x14e4 <DIO_VidSetPinsDir>
	DIO_VidSetPinsVal(KeyPad_ROW_PINS,KEY_NO_ROWS,High_Pin_Val );
    226e:	80 e8       	ldi	r24, 0x80	; 128
    2270:	91 e0       	ldi	r25, 0x01	; 1
    2272:	64 e0       	ldi	r22, 0x04	; 4
    2274:	41 e0       	ldi	r20, 0x01	; 1
    2276:	0e 94 9b 0a 	call	0x1536	; 0x1536 <DIO_VidSetPinsVal>

	DIO_VidSetPinsDir(KeyPad_COL_PINS,KEY_NO_COLS,Output_DDR_Pin);
    227a:	84 e8       	ldi	r24, 0x84	; 132
    227c:	91 e0       	ldi	r25, 0x01	; 1
    227e:	64 e0       	ldi	r22, 0x04	; 4
    2280:	41 e0       	ldi	r20, 0x01	; 1
    2282:	0e 94 72 0a 	call	0x14e4	; 0x14e4 <DIO_VidSetPinsDir>
	DIO_VidSetPinsVal(KeyPad_COL_PINS,KEY_NO_COLS,High_Pin_Val );
    2286:	84 e8       	ldi	r24, 0x84	; 132
    2288:	91 e0       	ldi	r25, 0x01	; 1
    228a:	64 e0       	ldi	r22, 0x04	; 4
    228c:	41 e0       	ldi	r20, 0x01	; 1
    228e:	0e 94 9b 0a 	call	0x1536	; 0x1536 <DIO_VidSetPinsVal>

}
    2292:	cf 91       	pop	r28
    2294:	df 91       	pop	r29
    2296:	08 95       	ret

00002298 <KEYPAD_u8_Getstate>:


u8 KEYPAD_u8_Getstate(u8 *u8CopyKey){
    2298:	df 93       	push	r29
    229a:	cf 93       	push	r28
    229c:	00 d0       	rcall	.+0      	; 0x229e <KEYPAD_u8_Getstate+0x6>
    229e:	00 d0       	rcall	.+0      	; 0x22a0 <KEYPAD_u8_Getstate+0x8>
    22a0:	0f 92       	push	r0
    22a2:	cd b7       	in	r28, 0x3d	; 61
    22a4:	de b7       	in	r29, 0x3e	; 62
    22a6:	9c 83       	std	Y+4, r25	; 0x04
    22a8:	8b 83       	std	Y+3, r24	; 0x03

	for(u8 j =0;j <KEY_NO_COLS ;j++){
    22aa:	1a 82       	std	Y+2, r1	; 0x02
    22ac:	56 c0       	rjmp	.+172    	; 0x235a <KEYPAD_u8_Getstate+0xc2>
		DIO_VidSetPinVal(KeyPad_COL_PINS[j],Low_Pin_Val);
    22ae:	8a 81       	ldd	r24, Y+2	; 0x02
    22b0:	88 2f       	mov	r24, r24
    22b2:	90 e0       	ldi	r25, 0x00	; 0
    22b4:	fc 01       	movw	r30, r24
    22b6:	ec 57       	subi	r30, 0x7C	; 124
    22b8:	fe 4f       	sbci	r31, 0xFE	; 254
    22ba:	80 81       	ld	r24, Z
    22bc:	60 e0       	ldi	r22, 0x00	; 0
    22be:	0e 94 9a 08 	call	0x1134	; 0x1134 <DIO_VidSetPinVal>
		for(u8 i = 0;i < KEY_NO_ROWS ; i++){
    22c2:	19 82       	std	Y+1, r1	; 0x01
    22c4:	3a c0       	rjmp	.+116    	; 0x233a <KEYPAD_u8_Getstate+0xa2>
			if(DIO_u8GetPinVal(KeyPad_ROW_PINS[i]) == Low_Pin_Val){
    22c6:	89 81       	ldd	r24, Y+1	; 0x01
    22c8:	88 2f       	mov	r24, r24
    22ca:	90 e0       	ldi	r25, 0x00	; 0
    22cc:	fc 01       	movw	r30, r24
    22ce:	e0 58       	subi	r30, 0x80	; 128
    22d0:	fe 4f       	sbci	r31, 0xFE	; 254
    22d2:	80 81       	ld	r24, Z
    22d4:	0e 94 f7 09 	call	0x13ee	; 0x13ee <DIO_u8GetPinVal>
    22d8:	88 23       	and	r24, r24
    22da:	61 f5       	brne	.+88     	; 0x2334 <KEYPAD_u8_Getstate+0x9c>
				*u8CopyKey = KeyPad_Pattern[i][j];
    22dc:	89 81       	ldd	r24, Y+1	; 0x01
    22de:	48 2f       	mov	r20, r24
    22e0:	50 e0       	ldi	r21, 0x00	; 0
    22e2:	8a 81       	ldd	r24, Y+2	; 0x02
    22e4:	28 2f       	mov	r18, r24
    22e6:	30 e0       	ldi	r19, 0x00	; 0
    22e8:	ca 01       	movw	r24, r20
    22ea:	88 0f       	add	r24, r24
    22ec:	99 1f       	adc	r25, r25
    22ee:	88 0f       	add	r24, r24
    22f0:	99 1f       	adc	r25, r25
    22f2:	82 0f       	add	r24, r18
    22f4:	93 1f       	adc	r25, r19
    22f6:	fc 01       	movw	r30, r24
    22f8:	e8 57       	subi	r30, 0x78	; 120
    22fa:	fe 4f       	sbci	r31, 0xFE	; 254
    22fc:	80 81       	ld	r24, Z
    22fe:	eb 81       	ldd	r30, Y+3	; 0x03
    2300:	fc 81       	ldd	r31, Y+4	; 0x04
    2302:	80 83       	st	Z, r24
				while(DIO_u8GetPinVal(KeyPad_ROW_PINS[i]) == Low_Pin_Val);
    2304:	89 81       	ldd	r24, Y+1	; 0x01
    2306:	88 2f       	mov	r24, r24
    2308:	90 e0       	ldi	r25, 0x00	; 0
    230a:	fc 01       	movw	r30, r24
    230c:	e0 58       	subi	r30, 0x80	; 128
    230e:	fe 4f       	sbci	r31, 0xFE	; 254
    2310:	80 81       	ld	r24, Z
    2312:	0e 94 f7 09 	call	0x13ee	; 0x13ee <DIO_u8GetPinVal>
    2316:	88 23       	and	r24, r24
    2318:	a9 f3       	breq	.-22     	; 0x2304 <KEYPAD_u8_Getstate+0x6c>
				DIO_VidSetPinVal(KeyPad_COL_PINS[j],High_Pin_Val);
    231a:	8a 81       	ldd	r24, Y+2	; 0x02
    231c:	88 2f       	mov	r24, r24
    231e:	90 e0       	ldi	r25, 0x00	; 0
    2320:	fc 01       	movw	r30, r24
    2322:	ec 57       	subi	r30, 0x7C	; 124
    2324:	fe 4f       	sbci	r31, 0xFE	; 254
    2326:	80 81       	ld	r24, Z
    2328:	61 e0       	ldi	r22, 0x01	; 1
    232a:	0e 94 9a 08 	call	0x1134	; 0x1134 <DIO_VidSetPinVal>
				return PRESSED;
    232e:	81 e0       	ldi	r24, 0x01	; 1
    2330:	8d 83       	std	Y+5, r24	; 0x05
    2332:	18 c0       	rjmp	.+48     	; 0x2364 <KEYPAD_u8_Getstate+0xcc>

u8 KEYPAD_u8_Getstate(u8 *u8CopyKey){

	for(u8 j =0;j <KEY_NO_COLS ;j++){
		DIO_VidSetPinVal(KeyPad_COL_PINS[j],Low_Pin_Val);
		for(u8 i = 0;i < KEY_NO_ROWS ; i++){
    2334:	89 81       	ldd	r24, Y+1	; 0x01
    2336:	8f 5f       	subi	r24, 0xFF	; 255
    2338:	89 83       	std	Y+1, r24	; 0x01
    233a:	89 81       	ldd	r24, Y+1	; 0x01
    233c:	84 30       	cpi	r24, 0x04	; 4
    233e:	18 f2       	brcs	.-122    	; 0x22c6 <KEYPAD_u8_Getstate+0x2e>
				while(DIO_u8GetPinVal(KeyPad_ROW_PINS[i]) == Low_Pin_Val);
				DIO_VidSetPinVal(KeyPad_COL_PINS[j],High_Pin_Val);
				return PRESSED;
			}
		}
		DIO_VidSetPinVal(KeyPad_COL_PINS[j],High_Pin_Val);
    2340:	8a 81       	ldd	r24, Y+2	; 0x02
    2342:	88 2f       	mov	r24, r24
    2344:	90 e0       	ldi	r25, 0x00	; 0
    2346:	fc 01       	movw	r30, r24
    2348:	ec 57       	subi	r30, 0x7C	; 124
    234a:	fe 4f       	sbci	r31, 0xFE	; 254
    234c:	80 81       	ld	r24, Z
    234e:	61 e0       	ldi	r22, 0x01	; 1
    2350:	0e 94 9a 08 	call	0x1134	; 0x1134 <DIO_VidSetPinVal>
}


u8 KEYPAD_u8_Getstate(u8 *u8CopyKey){

	for(u8 j =0;j <KEY_NO_COLS ;j++){
    2354:	8a 81       	ldd	r24, Y+2	; 0x02
    2356:	8f 5f       	subi	r24, 0xFF	; 255
    2358:	8a 83       	std	Y+2, r24	; 0x02
    235a:	8a 81       	ldd	r24, Y+2	; 0x02
    235c:	84 30       	cpi	r24, 0x04	; 4
    235e:	08 f4       	brcc	.+2      	; 0x2362 <KEYPAD_u8_Getstate+0xca>
    2360:	a6 cf       	rjmp	.-180    	; 0x22ae <KEYPAD_u8_Getstate+0x16>
			}
		}
		DIO_VidSetPinVal(KeyPad_COL_PINS[j],High_Pin_Val);
	}

	return NOT_PRESSED;
    2362:	1d 82       	std	Y+5, r1	; 0x05
    2364:	8d 81       	ldd	r24, Y+5	; 0x05
}
    2366:	0f 90       	pop	r0
    2368:	0f 90       	pop	r0
    236a:	0f 90       	pop	r0
    236c:	0f 90       	pop	r0
    236e:	0f 90       	pop	r0
    2370:	cf 91       	pop	r28
    2372:	df 91       	pop	r29
    2374:	08 95       	ret

00002376 <BCD_vidinit>:
#include "../../Service/bit_math.h"
#include "../../MCAL/DIO/dio_init.h"
#include "BCD_config.h"
#include "BCD_init.h"
//initalization
void BCD_vidinit(){
    2376:	df 93       	push	r29
    2378:	cf 93       	push	r28
    237a:	cd b7       	in	r28, 0x3d	; 61
    237c:	de b7       	in	r29, 0x3e	; 62
	//pins direction
	DIO_VidSetPinsDir(BCD_PINS , 4 , Output_DDR_Pin);
    237e:	88 e9       	ldi	r24, 0x98	; 152
    2380:	91 e0       	ldi	r25, 0x01	; 1
    2382:	64 e0       	ldi	r22, 0x04	; 4
    2384:	41 e0       	ldi	r20, 0x01	; 1
    2386:	0e 94 72 0a 	call	0x14e4	; 0x14e4 <DIO_VidSetPinsDir>
	//enable
	DIO_VidSetPinDir(BCD_EN1,Output_DDR_Pin);
    238a:	84 e1       	ldi	r24, 0x14	; 20
    238c:	61 e0       	ldi	r22, 0x01	; 1
    238e:	0e 94 b8 07 	call	0xf70	; 0xf70 <DIO_VidSetPinDir>
	DIO_VidSetPinDir(BCD_EN2,Output_DDR_Pin);
    2392:	85 e1       	ldi	r24, 0x15	; 21
    2394:	61 e0       	ldi	r22, 0x01	; 1
    2396:	0e 94 b8 07 	call	0xf70	; 0xf70 <DIO_VidSetPinDir>

}
    239a:	cf 91       	pop	r28
    239c:	df 91       	pop	r29
    239e:	08 95       	ret

000023a0 <BCD_vidwritedata>:
//write data
void BCD_vidwritedata(u8 u8CopyData){
    23a0:	df 93       	push	r29
    23a2:	cf 93       	push	r28
    23a4:	00 d0       	rcall	.+0      	; 0x23a6 <BCD_vidwritedata+0x6>
    23a6:	cd b7       	in	r28, 0x3d	; 61
    23a8:	de b7       	in	r29, 0x3e	; 62
    23aa:	8a 83       	std	Y+2, r24	; 0x02
	for (u8 i =0; i<4 ;i++){
    23ac:	19 82       	std	Y+1, r1	; 0x01
    23ae:	1d c0       	rjmp	.+58     	; 0x23ea <BCD_vidwritedata+0x4a>
		DIO_VidSetPinVal(BCD_PINS[i],GET_BIT(u8CopyData,i));
    23b0:	89 81       	ldd	r24, Y+1	; 0x01
    23b2:	88 2f       	mov	r24, r24
    23b4:	90 e0       	ldi	r25, 0x00	; 0
    23b6:	fc 01       	movw	r30, r24
    23b8:	e8 56       	subi	r30, 0x68	; 104
    23ba:	fe 4f       	sbci	r31, 0xFE	; 254
    23bc:	40 81       	ld	r20, Z
    23be:	8a 81       	ldd	r24, Y+2	; 0x02
    23c0:	28 2f       	mov	r18, r24
    23c2:	30 e0       	ldi	r19, 0x00	; 0
    23c4:	89 81       	ldd	r24, Y+1	; 0x01
    23c6:	88 2f       	mov	r24, r24
    23c8:	90 e0       	ldi	r25, 0x00	; 0
    23ca:	b9 01       	movw	r22, r18
    23cc:	02 c0       	rjmp	.+4      	; 0x23d2 <BCD_vidwritedata+0x32>
    23ce:	75 95       	asr	r23
    23d0:	67 95       	ror	r22
    23d2:	8a 95       	dec	r24
    23d4:	e2 f7       	brpl	.-8      	; 0x23ce <BCD_vidwritedata+0x2e>
    23d6:	cb 01       	movw	r24, r22
    23d8:	98 2f       	mov	r25, r24
    23da:	91 70       	andi	r25, 0x01	; 1
    23dc:	84 2f       	mov	r24, r20
    23de:	69 2f       	mov	r22, r25
    23e0:	0e 94 9a 08 	call	0x1134	; 0x1134 <DIO_VidSetPinVal>
	DIO_VidSetPinDir(BCD_EN2,Output_DDR_Pin);

}
//write data
void BCD_vidwritedata(u8 u8CopyData){
	for (u8 i =0; i<4 ;i++){
    23e4:	89 81       	ldd	r24, Y+1	; 0x01
    23e6:	8f 5f       	subi	r24, 0xFF	; 255
    23e8:	89 83       	std	Y+1, r24	; 0x01
    23ea:	89 81       	ldd	r24, Y+1	; 0x01
    23ec:	84 30       	cpi	r24, 0x04	; 4
    23ee:	00 f3       	brcs	.-64     	; 0x23b0 <BCD_vidwritedata+0x10>
		DIO_VidSetPinVal(BCD_PINS[i],GET_BIT(u8CopyData,i));
	}
}
    23f0:	0f 90       	pop	r0
    23f2:	0f 90       	pop	r0
    23f4:	cf 91       	pop	r28
    23f6:	df 91       	pop	r29
    23f8:	08 95       	ret

000023fa <BCD_videnabledisable>:

//enable disable
void BCD_videnabledisable(u8 u8CopyBCD_segnum,u8 u8CopyMode){
    23fa:	df 93       	push	r29
    23fc:	cf 93       	push	r28
    23fe:	00 d0       	rcall	.+0      	; 0x2400 <BCD_videnabledisable+0x6>
    2400:	00 d0       	rcall	.+0      	; 0x2402 <BCD_videnabledisable+0x8>
    2402:	cd b7       	in	r28, 0x3d	; 61
    2404:	de b7       	in	r29, 0x3e	; 62
    2406:	89 83       	std	Y+1, r24	; 0x01
    2408:	6a 83       	std	Y+2, r22	; 0x02
	switch(u8CopyBCD_segnum){
    240a:	89 81       	ldd	r24, Y+1	; 0x01
    240c:	28 2f       	mov	r18, r24
    240e:	30 e0       	ldi	r19, 0x00	; 0
    2410:	3c 83       	std	Y+4, r19	; 0x04
    2412:	2b 83       	std	Y+3, r18	; 0x03
    2414:	8b 81       	ldd	r24, Y+3	; 0x03
    2416:	9c 81       	ldd	r25, Y+4	; 0x04
    2418:	00 97       	sbiw	r24, 0x00	; 0
    241a:	31 f0       	breq	.+12     	; 0x2428 <BCD_videnabledisable+0x2e>
    241c:	2b 81       	ldd	r18, Y+3	; 0x03
    241e:	3c 81       	ldd	r19, Y+4	; 0x04
    2420:	21 30       	cpi	r18, 0x01	; 1
    2422:	31 05       	cpc	r19, r1
    2424:	31 f0       	breq	.+12     	; 0x2432 <BCD_videnabledisable+0x38>
    2426:	09 c0       	rjmp	.+18     	; 0x243a <BCD_videnabledisable+0x40>
	case BCD_seg1:DIO_VidSetPinVal(BCD_EN1,u8CopyMode);break;
    2428:	84 e1       	ldi	r24, 0x14	; 20
    242a:	6a 81       	ldd	r22, Y+2	; 0x02
    242c:	0e 94 9a 08 	call	0x1134	; 0x1134 <DIO_VidSetPinVal>
    2430:	04 c0       	rjmp	.+8      	; 0x243a <BCD_videnabledisable+0x40>
	case BCD_seg2:DIO_VidSetPinVal(BCD_EN2,u8CopyMode);break;
    2432:	85 e1       	ldi	r24, 0x15	; 21
    2434:	6a 81       	ldd	r22, Y+2	; 0x02
    2436:	0e 94 9a 08 	call	0x1134	; 0x1134 <DIO_VidSetPinVal>
	}
}
    243a:	0f 90       	pop	r0
    243c:	0f 90       	pop	r0
    243e:	0f 90       	pop	r0
    2440:	0f 90       	pop	r0
    2442:	cf 91       	pop	r28
    2444:	df 91       	pop	r29
    2446:	08 95       	ret

00002448 <main>:
#include <util/delay.h>
#include "../HALL/KEYPAD/Keypad_init.h"
#include "../HALL/LCD/LCD_init.h"


int main(){
    2448:	ef 92       	push	r14
    244a:	ff 92       	push	r15
    244c:	0f 93       	push	r16
    244e:	1f 93       	push	r17
    2450:	df 93       	push	r29
    2452:	cf 93       	push	r28
    2454:	cd b7       	in	r28, 0x3d	; 61
    2456:	de b7       	in	r29, 0x3e	; 62
    2458:	66 97       	sbiw	r28, 0x16	; 22
    245a:	0f b6       	in	r0, 0x3f	; 63
    245c:	f8 94       	cli
    245e:	de bf       	out	0x3e, r29	; 62
    2460:	0f be       	out	0x3f, r0	; 63
    2462:	cd bf       	out	0x3d, r28	; 61

s16 num1=0;
    2464:	19 86       	std	Y+9, r1	; 0x09
    2466:	18 86       	std	Y+8, r1	; 0x08
s16 num2=0;
    2468:	1f 82       	std	Y+7, r1	; 0x07
    246a:	1e 82       	std	Y+6, r1	; 0x06
f32 result=0;
    246c:	80 e0       	ldi	r24, 0x00	; 0
    246e:	90 e0       	ldi	r25, 0x00	; 0
    2470:	a0 e0       	ldi	r26, 0x00	; 0
    2472:	b0 e0       	ldi	r27, 0x00	; 0
    2474:	8a 83       	std	Y+2, r24	; 0x02
    2476:	9b 83       	std	Y+3, r25	; 0x03
    2478:	ac 83       	std	Y+4, r26	; 0x04
    247a:	bd 83       	std	Y+5, r27	; 0x05

u8 key=0;
    247c:	1a 86       	std	Y+10, r1	; 0x0a
u8 operation=0;
    247e:	19 82       	std	Y+1, r1	; 0x01

KEYPAD_vid_init();
    2480:	0e 94 2d 11 	call	0x225a	; 0x225a <KEYPAD_vid_init>
LCD_vid_8bit_init();
    2484:	0e 94 78 0b 	call	0x16f0	; 0x16f0 <LCD_vid_8bit_init>


while(1){

	if (KEYPAD_u8_Getstate(&key)==PRESSED){
    2488:	ce 01       	movw	r24, r28
    248a:	0a 96       	adiw	r24, 0x0a	; 10
    248c:	0e 94 4c 11 	call	0x2298	; 0x2298 <KEYPAD_u8_Getstate>
    2490:	81 30       	cpi	r24, 0x01	; 1
    2492:	d1 f7       	brne	.-12     	; 0x2488 <main+0x40>
		if ((key>='0')&&(key<='9')){
    2494:	8a 85       	ldd	r24, Y+10	; 0x0a
    2496:	80 33       	cpi	r24, 0x30	; 48
    2498:	98 f1       	brcs	.+102    	; 0x2500 <main+0xb8>
    249a:	8a 85       	ldd	r24, Y+10	; 0x0a
    249c:	8a 33       	cpi	r24, 0x3A	; 58
    249e:	80 f5       	brcc	.+96     	; 0x2500 <main+0xb8>
			if (operation==0){
    24a0:	89 81       	ldd	r24, Y+1	; 0x01
    24a2:	88 23       	and	r24, r24
    24a4:	a9 f4       	brne	.+42     	; 0x24d0 <main+0x88>
				num1 = (num1*10)+(key-'0');
    24a6:	88 85       	ldd	r24, Y+8	; 0x08
    24a8:	99 85       	ldd	r25, Y+9	; 0x09
    24aa:	9c 01       	movw	r18, r24
    24ac:	22 0f       	add	r18, r18
    24ae:	33 1f       	adc	r19, r19
    24b0:	c9 01       	movw	r24, r18
    24b2:	88 0f       	add	r24, r24
    24b4:	99 1f       	adc	r25, r25
    24b6:	88 0f       	add	r24, r24
    24b8:	99 1f       	adc	r25, r25
    24ba:	28 0f       	add	r18, r24
    24bc:	39 1f       	adc	r19, r25
    24be:	8a 85       	ldd	r24, Y+10	; 0x0a
    24c0:	88 2f       	mov	r24, r24
    24c2:	90 e0       	ldi	r25, 0x00	; 0
    24c4:	c0 97       	sbiw	r24, 0x30	; 48
    24c6:	82 0f       	add	r24, r18
    24c8:	93 1f       	adc	r25, r19
    24ca:	99 87       	std	Y+9, r25	; 0x09
    24cc:	88 87       	std	Y+8, r24	; 0x08
    24ce:	14 c0       	rjmp	.+40     	; 0x24f8 <main+0xb0>
			}
			else {
				num2 = (num2*10)+(key-'0');
    24d0:	8e 81       	ldd	r24, Y+6	; 0x06
    24d2:	9f 81       	ldd	r25, Y+7	; 0x07
    24d4:	9c 01       	movw	r18, r24
    24d6:	22 0f       	add	r18, r18
    24d8:	33 1f       	adc	r19, r19
    24da:	c9 01       	movw	r24, r18
    24dc:	88 0f       	add	r24, r24
    24de:	99 1f       	adc	r25, r25
    24e0:	88 0f       	add	r24, r24
    24e2:	99 1f       	adc	r25, r25
    24e4:	28 0f       	add	r18, r24
    24e6:	39 1f       	adc	r19, r25
    24e8:	8a 85       	ldd	r24, Y+10	; 0x0a
    24ea:	88 2f       	mov	r24, r24
    24ec:	90 e0       	ldi	r25, 0x00	; 0
    24ee:	c0 97       	sbiw	r24, 0x30	; 48
    24f0:	82 0f       	add	r24, r18
    24f2:	93 1f       	adc	r25, r19
    24f4:	9f 83       	std	Y+7, r25	; 0x07
    24f6:	8e 83       	std	Y+6, r24	; 0x06
			}
			LCD_vid_8bit_writechar(key);
    24f8:	8a 85       	ldd	r24, Y+10	; 0x0a
    24fa:	0e 94 08 0f 	call	0x1e10	; 0x1e10 <LCD_vid_8bit_writechar>
    24fe:	c4 cf       	rjmp	.-120    	; 0x2488 <main+0x40>
		}
		else if ((key=='-')|(key=='+')|(key=='*')|(key=='/')){
    2500:	8a 85       	ldd	r24, Y+10	; 0x0a
    2502:	1e 8a       	std	Y+22, r1	; 0x16
    2504:	8d 32       	cpi	r24, 0x2D	; 45
    2506:	11 f4       	brne	.+4      	; 0x250c <main+0xc4>
    2508:	21 e0       	ldi	r18, 0x01	; 1
    250a:	2e 8b       	std	Y+22, r18	; 0x16
    250c:	8a 85       	ldd	r24, Y+10	; 0x0a
    250e:	1d 8a       	std	Y+21, r1	; 0x15
    2510:	8b 32       	cpi	r24, 0x2B	; 43
    2512:	11 f4       	brne	.+4      	; 0x2518 <main+0xd0>
    2514:	31 e0       	ldi	r19, 0x01	; 1
    2516:	3d 8b       	std	Y+21, r19	; 0x15
    2518:	8e 89       	ldd	r24, Y+22	; 0x16
    251a:	4d 89       	ldd	r20, Y+21	; 0x15
    251c:	84 2b       	or	r24, r20
    251e:	28 2f       	mov	r18, r24
    2520:	30 e0       	ldi	r19, 0x00	; 0
    2522:	3c 8b       	std	Y+20, r19	; 0x14
    2524:	2b 8b       	std	Y+19, r18	; 0x13
    2526:	8a 85       	ldd	r24, Y+10	; 0x0a
    2528:	1a 8a       	std	Y+18, r1	; 0x12
    252a:	19 8a       	std	Y+17, r1	; 0x11
    252c:	8a 32       	cpi	r24, 0x2A	; 42
    252e:	21 f4       	brne	.+8      	; 0x2538 <main+0xf0>
    2530:	41 e0       	ldi	r20, 0x01	; 1
    2532:	50 e0       	ldi	r21, 0x00	; 0
    2534:	5a 8b       	std	Y+18, r21	; 0x12
    2536:	49 8b       	std	Y+17, r20	; 0x11
    2538:	8b 89       	ldd	r24, Y+19	; 0x13
    253a:	9c 89       	ldd	r25, Y+20	; 0x14
    253c:	29 89       	ldd	r18, Y+17	; 0x11
    253e:	3a 89       	ldd	r19, Y+18	; 0x12
    2540:	82 2b       	or	r24, r18
    2542:	93 2b       	or	r25, r19
    2544:	98 8b       	std	Y+16, r25	; 0x10
    2546:	8f 87       	std	Y+15, r24	; 0x0f
    2548:	8a 85       	ldd	r24, Y+10	; 0x0a
    254a:	1e 86       	std	Y+14, r1	; 0x0e
    254c:	1d 86       	std	Y+13, r1	; 0x0d
    254e:	8f 32       	cpi	r24, 0x2F	; 47
    2550:	21 f4       	brne	.+8      	; 0x255a <main+0x112>
    2552:	41 e0       	ldi	r20, 0x01	; 1
    2554:	50 e0       	ldi	r21, 0x00	; 0
    2556:	5e 87       	std	Y+14, r21	; 0x0e
    2558:	4d 87       	std	Y+13, r20	; 0x0d
    255a:	8f 85       	ldd	r24, Y+15	; 0x0f
    255c:	98 89       	ldd	r25, Y+16	; 0x10
    255e:	2d 85       	ldd	r18, Y+13	; 0x0d
    2560:	3e 85       	ldd	r19, Y+14	; 0x0e
    2562:	82 2b       	or	r24, r18
    2564:	93 2b       	or	r25, r19
    2566:	00 97       	sbiw	r24, 0x00	; 0
    2568:	31 f0       	breq	.+12     	; 0x2576 <main+0x12e>
			operation = key;
    256a:	8a 85       	ldd	r24, Y+10	; 0x0a
    256c:	89 83       	std	Y+1, r24	; 0x01
			LCD_vid_8bit_writechar(operation);
    256e:	89 81       	ldd	r24, Y+1	; 0x01
    2570:	0e 94 08 0f 	call	0x1e10	; 0x1e10 <LCD_vid_8bit_writechar>
    2574:	89 cf       	rjmp	.-238    	; 0x2488 <main+0x40>
		}
		else if (key=='='){
    2576:	8a 85       	ldd	r24, Y+10	; 0x0a
    2578:	8d 33       	cpi	r24, 0x3D	; 61
    257a:	09 f0       	breq	.+2      	; 0x257e <main+0x136>
    257c:	a1 c0       	rjmp	.+322    	; 0x26c0 <main+0x278>
			switch (operation){
    257e:	89 81       	ldd	r24, Y+1	; 0x01
    2580:	48 2f       	mov	r20, r24
    2582:	50 e0       	ldi	r21, 0x00	; 0
    2584:	5c 87       	std	Y+12, r21	; 0x0c
    2586:	4b 87       	std	Y+11, r20	; 0x0b
    2588:	8b 85       	ldd	r24, Y+11	; 0x0b
    258a:	9c 85       	ldd	r25, Y+12	; 0x0c
    258c:	8b 32       	cpi	r24, 0x2B	; 43
    258e:	91 05       	cpc	r25, r1
    2590:	b9 f0       	breq	.+46     	; 0x25c0 <main+0x178>
    2592:	2b 85       	ldd	r18, Y+11	; 0x0b
    2594:	3c 85       	ldd	r19, Y+12	; 0x0c
    2596:	2c 32       	cpi	r18, 0x2C	; 44
    2598:	31 05       	cpc	r19, r1
    259a:	34 f4       	brge	.+12     	; 0x25a8 <main+0x160>
    259c:	4b 85       	ldd	r20, Y+11	; 0x0b
    259e:	5c 85       	ldd	r21, Y+12	; 0x0c
    25a0:	4a 32       	cpi	r20, 0x2A	; 42
    25a2:	51 05       	cpc	r21, r1
    25a4:	c9 f1       	breq	.+114    	; 0x2618 <main+0x1d0>
    25a6:	7d c0       	rjmp	.+250    	; 0x26a2 <main+0x25a>
    25a8:	8b 85       	ldd	r24, Y+11	; 0x0b
    25aa:	9c 85       	ldd	r25, Y+12	; 0x0c
    25ac:	8d 32       	cpi	r24, 0x2D	; 45
    25ae:	91 05       	cpc	r25, r1
    25b0:	e1 f0       	breq	.+56     	; 0x25ea <main+0x1a2>
    25b2:	2b 85       	ldd	r18, Y+11	; 0x0b
    25b4:	3c 85       	ldd	r19, Y+12	; 0x0c
    25b6:	2f 32       	cpi	r18, 0x2F	; 47
    25b8:	31 05       	cpc	r19, r1
    25ba:	09 f4       	brne	.+2      	; 0x25be <main+0x176>
    25bc:	50 c0       	rjmp	.+160    	; 0x265e <main+0x216>
    25be:	71 c0       	rjmp	.+226    	; 0x26a2 <main+0x25a>
			case '+': result = num1+num2          ;break;
    25c0:	28 85       	ldd	r18, Y+8	; 0x08
    25c2:	39 85       	ldd	r19, Y+9	; 0x09
    25c4:	8e 81       	ldd	r24, Y+6	; 0x06
    25c6:	9f 81       	ldd	r25, Y+7	; 0x07
    25c8:	82 0f       	add	r24, r18
    25ca:	93 1f       	adc	r25, r19
    25cc:	aa 27       	eor	r26, r26
    25ce:	97 fd       	sbrc	r25, 7
    25d0:	a0 95       	com	r26
    25d2:	ba 2f       	mov	r27, r26
    25d4:	bc 01       	movw	r22, r24
    25d6:	cd 01       	movw	r24, r26
    25d8:	0e 94 4d 04 	call	0x89a	; 0x89a <__floatsisf>
    25dc:	dc 01       	movw	r26, r24
    25de:	cb 01       	movw	r24, r22
    25e0:	8a 83       	std	Y+2, r24	; 0x02
    25e2:	9b 83       	std	Y+3, r25	; 0x03
    25e4:	ac 83       	std	Y+4, r26	; 0x04
    25e6:	bd 83       	std	Y+5, r27	; 0x05
    25e8:	5c c0       	rjmp	.+184    	; 0x26a2 <main+0x25a>
			case '-': result = num1-num2          ;break;
    25ea:	28 85       	ldd	r18, Y+8	; 0x08
    25ec:	39 85       	ldd	r19, Y+9	; 0x09
    25ee:	8e 81       	ldd	r24, Y+6	; 0x06
    25f0:	9f 81       	ldd	r25, Y+7	; 0x07
    25f2:	a9 01       	movw	r20, r18
    25f4:	48 1b       	sub	r20, r24
    25f6:	59 0b       	sbc	r21, r25
    25f8:	ca 01       	movw	r24, r20
    25fa:	aa 27       	eor	r26, r26
    25fc:	97 fd       	sbrc	r25, 7
    25fe:	a0 95       	com	r26
    2600:	ba 2f       	mov	r27, r26
    2602:	bc 01       	movw	r22, r24
    2604:	cd 01       	movw	r24, r26
    2606:	0e 94 4d 04 	call	0x89a	; 0x89a <__floatsisf>
    260a:	dc 01       	movw	r26, r24
    260c:	cb 01       	movw	r24, r22
    260e:	8a 83       	std	Y+2, r24	; 0x02
    2610:	9b 83       	std	Y+3, r25	; 0x03
    2612:	ac 83       	std	Y+4, r26	; 0x04
    2614:	bd 83       	std	Y+5, r27	; 0x05
    2616:	45 c0       	rjmp	.+138    	; 0x26a2 <main+0x25a>
			case '*': result = (float)num1*num2   ;break;
    2618:	88 85       	ldd	r24, Y+8	; 0x08
    261a:	99 85       	ldd	r25, Y+9	; 0x09
    261c:	aa 27       	eor	r26, r26
    261e:	97 fd       	sbrc	r25, 7
    2620:	a0 95       	com	r26
    2622:	ba 2f       	mov	r27, r26
    2624:	bc 01       	movw	r22, r24
    2626:	cd 01       	movw	r24, r26
    2628:	0e 94 4d 04 	call	0x89a	; 0x89a <__floatsisf>
    262c:	7b 01       	movw	r14, r22
    262e:	8c 01       	movw	r16, r24
    2630:	8e 81       	ldd	r24, Y+6	; 0x06
    2632:	9f 81       	ldd	r25, Y+7	; 0x07
    2634:	aa 27       	eor	r26, r26
    2636:	97 fd       	sbrc	r25, 7
    2638:	a0 95       	com	r26
    263a:	ba 2f       	mov	r27, r26
    263c:	bc 01       	movw	r22, r24
    263e:	cd 01       	movw	r24, r26
    2640:	0e 94 4d 04 	call	0x89a	; 0x89a <__floatsisf>
    2644:	9b 01       	movw	r18, r22
    2646:	ac 01       	movw	r20, r24
    2648:	c8 01       	movw	r24, r16
    264a:	b7 01       	movw	r22, r14
    264c:	0e 94 17 02 	call	0x42e	; 0x42e <__mulsf3>
    2650:	dc 01       	movw	r26, r24
    2652:	cb 01       	movw	r24, r22
    2654:	8a 83       	std	Y+2, r24	; 0x02
    2656:	9b 83       	std	Y+3, r25	; 0x03
    2658:	ac 83       	std	Y+4, r26	; 0x04
    265a:	bd 83       	std	Y+5, r27	; 0x05
    265c:	22 c0       	rjmp	.+68     	; 0x26a2 <main+0x25a>
			case '/': result = ((float)num1)/num2 ;break;
    265e:	88 85       	ldd	r24, Y+8	; 0x08
    2660:	99 85       	ldd	r25, Y+9	; 0x09
    2662:	aa 27       	eor	r26, r26
    2664:	97 fd       	sbrc	r25, 7
    2666:	a0 95       	com	r26
    2668:	ba 2f       	mov	r27, r26
    266a:	bc 01       	movw	r22, r24
    266c:	cd 01       	movw	r24, r26
    266e:	0e 94 4d 04 	call	0x89a	; 0x89a <__floatsisf>
    2672:	7b 01       	movw	r14, r22
    2674:	8c 01       	movw	r16, r24
    2676:	8e 81       	ldd	r24, Y+6	; 0x06
    2678:	9f 81       	ldd	r25, Y+7	; 0x07
    267a:	aa 27       	eor	r26, r26
    267c:	97 fd       	sbrc	r25, 7
    267e:	a0 95       	com	r26
    2680:	ba 2f       	mov	r27, r26
    2682:	bc 01       	movw	r22, r24
    2684:	cd 01       	movw	r24, r26
    2686:	0e 94 4d 04 	call	0x89a	; 0x89a <__floatsisf>
    268a:	9b 01       	movw	r18, r22
    268c:	ac 01       	movw	r20, r24
    268e:	c8 01       	movw	r24, r16
    2690:	b7 01       	movw	r22, r14
    2692:	0e 94 11 03 	call	0x622	; 0x622 <__divsf3>
    2696:	dc 01       	movw	r26, r24
    2698:	cb 01       	movw	r24, r22
    269a:	8a 83       	std	Y+2, r24	; 0x02
    269c:	9b 83       	std	Y+3, r25	; 0x03
    269e:	ac 83       	std	Y+4, r26	; 0x04
    26a0:	bd 83       	std	Y+5, r27	; 0x05
			}
			LCD_vid_8bit_writecmd(LCD_CMD_CLEAR_DIS);
    26a2:	81 e0       	ldi	r24, 0x01	; 1
    26a4:	0e 94 47 0e 	call	0x1c8e	; 0x1c8e <LCD_vid_8bit_writecmd>
			LCD_vid_8bit_writechar(key);
    26a8:	8a 85       	ldd	r24, Y+10	; 0x0a
    26aa:	0e 94 08 0f 	call	0x1e10	; 0x1e10 <LCD_vid_8bit_writechar>
			LCD_vid_8bit_writefloat(result);
    26ae:	8a 81       	ldd	r24, Y+2	; 0x02
    26b0:	9b 81       	ldd	r25, Y+3	; 0x03
    26b2:	ac 81       	ldd	r26, Y+4	; 0x04
    26b4:	bd 81       	ldd	r27, Y+5	; 0x05
    26b6:	bc 01       	movw	r22, r24
    26b8:	cd 01       	movw	r24, r26
    26ba:	0e 94 bb 10 	call	0x2176	; 0x2176 <LCD_vid_8bit_writefloat>
    26be:	e4 ce       	rjmp	.-568    	; 0x2488 <main+0x40>
		}
		else if (key=='C'){
    26c0:	8a 85       	ldd	r24, Y+10	; 0x0a
    26c2:	83 34       	cpi	r24, 0x43	; 67
    26c4:	09 f0       	breq	.+2      	; 0x26c8 <main+0x280>
    26c6:	e0 ce       	rjmp	.-576    	; 0x2488 <main+0x40>
			num1=0;
    26c8:	19 86       	std	Y+9, r1	; 0x09
    26ca:	18 86       	std	Y+8, r1	; 0x08
			num2=0;
    26cc:	1f 82       	std	Y+7, r1	; 0x07
    26ce:	1e 82       	std	Y+6, r1	; 0x06
			operation=0;
    26d0:	19 82       	std	Y+1, r1	; 0x01
			result=0;
    26d2:	80 e0       	ldi	r24, 0x00	; 0
    26d4:	90 e0       	ldi	r25, 0x00	; 0
    26d6:	a0 e0       	ldi	r26, 0x00	; 0
    26d8:	b0 e0       	ldi	r27, 0x00	; 0
    26da:	8a 83       	std	Y+2, r24	; 0x02
    26dc:	9b 83       	std	Y+3, r25	; 0x03
    26de:	ac 83       	std	Y+4, r26	; 0x04
    26e0:	bd 83       	std	Y+5, r27	; 0x05
			LCD_vid_8bit_writecmd(LCD_CMD_CLEAR_DIS);
    26e2:	81 e0       	ldi	r24, 0x01	; 1
    26e4:	0e 94 47 0e 	call	0x1c8e	; 0x1c8e <LCD_vid_8bit_writecmd>
    26e8:	cf ce       	rjmp	.-610    	; 0x2488 <main+0x40>

000026ea <__udivmodsi4>:
    26ea:	a1 e2       	ldi	r26, 0x21	; 33
    26ec:	1a 2e       	mov	r1, r26
    26ee:	aa 1b       	sub	r26, r26
    26f0:	bb 1b       	sub	r27, r27
    26f2:	fd 01       	movw	r30, r26
    26f4:	0d c0       	rjmp	.+26     	; 0x2710 <__udivmodsi4_ep>

000026f6 <__udivmodsi4_loop>:
    26f6:	aa 1f       	adc	r26, r26
    26f8:	bb 1f       	adc	r27, r27
    26fa:	ee 1f       	adc	r30, r30
    26fc:	ff 1f       	adc	r31, r31
    26fe:	a2 17       	cp	r26, r18
    2700:	b3 07       	cpc	r27, r19
    2702:	e4 07       	cpc	r30, r20
    2704:	f5 07       	cpc	r31, r21
    2706:	20 f0       	brcs	.+8      	; 0x2710 <__udivmodsi4_ep>
    2708:	a2 1b       	sub	r26, r18
    270a:	b3 0b       	sbc	r27, r19
    270c:	e4 0b       	sbc	r30, r20
    270e:	f5 0b       	sbc	r31, r21

00002710 <__udivmodsi4_ep>:
    2710:	66 1f       	adc	r22, r22
    2712:	77 1f       	adc	r23, r23
    2714:	88 1f       	adc	r24, r24
    2716:	99 1f       	adc	r25, r25
    2718:	1a 94       	dec	r1
    271a:	69 f7       	brne	.-38     	; 0x26f6 <__udivmodsi4_loop>
    271c:	60 95       	com	r22
    271e:	70 95       	com	r23
    2720:	80 95       	com	r24
    2722:	90 95       	com	r25
    2724:	9b 01       	movw	r18, r22
    2726:	ac 01       	movw	r20, r24
    2728:	bd 01       	movw	r22, r26
    272a:	cf 01       	movw	r24, r30
    272c:	08 95       	ret

0000272e <__prologue_saves__>:
    272e:	2f 92       	push	r2
    2730:	3f 92       	push	r3
    2732:	4f 92       	push	r4
    2734:	5f 92       	push	r5
    2736:	6f 92       	push	r6
    2738:	7f 92       	push	r7
    273a:	8f 92       	push	r8
    273c:	9f 92       	push	r9
    273e:	af 92       	push	r10
    2740:	bf 92       	push	r11
    2742:	cf 92       	push	r12
    2744:	df 92       	push	r13
    2746:	ef 92       	push	r14
    2748:	ff 92       	push	r15
    274a:	0f 93       	push	r16
    274c:	1f 93       	push	r17
    274e:	cf 93       	push	r28
    2750:	df 93       	push	r29
    2752:	cd b7       	in	r28, 0x3d	; 61
    2754:	de b7       	in	r29, 0x3e	; 62
    2756:	ca 1b       	sub	r28, r26
    2758:	db 0b       	sbc	r29, r27
    275a:	0f b6       	in	r0, 0x3f	; 63
    275c:	f8 94       	cli
    275e:	de bf       	out	0x3e, r29	; 62
    2760:	0f be       	out	0x3f, r0	; 63
    2762:	cd bf       	out	0x3d, r28	; 61
    2764:	09 94       	ijmp

00002766 <__epilogue_restores__>:
    2766:	2a 88       	ldd	r2, Y+18	; 0x12
    2768:	39 88       	ldd	r3, Y+17	; 0x11
    276a:	48 88       	ldd	r4, Y+16	; 0x10
    276c:	5f 84       	ldd	r5, Y+15	; 0x0f
    276e:	6e 84       	ldd	r6, Y+14	; 0x0e
    2770:	7d 84       	ldd	r7, Y+13	; 0x0d
    2772:	8c 84       	ldd	r8, Y+12	; 0x0c
    2774:	9b 84       	ldd	r9, Y+11	; 0x0b
    2776:	aa 84       	ldd	r10, Y+10	; 0x0a
    2778:	b9 84       	ldd	r11, Y+9	; 0x09
    277a:	c8 84       	ldd	r12, Y+8	; 0x08
    277c:	df 80       	ldd	r13, Y+7	; 0x07
    277e:	ee 80       	ldd	r14, Y+6	; 0x06
    2780:	fd 80       	ldd	r15, Y+5	; 0x05
    2782:	0c 81       	ldd	r16, Y+4	; 0x04
    2784:	1b 81       	ldd	r17, Y+3	; 0x03
    2786:	aa 81       	ldd	r26, Y+2	; 0x02
    2788:	b9 81       	ldd	r27, Y+1	; 0x01
    278a:	ce 0f       	add	r28, r30
    278c:	d1 1d       	adc	r29, r1
    278e:	0f b6       	in	r0, 0x3f	; 63
    2790:	f8 94       	cli
    2792:	de bf       	out	0x3e, r29	; 62
    2794:	0f be       	out	0x3f, r0	; 63
    2796:	cd bf       	out	0x3d, r28	; 61
    2798:	ed 01       	movw	r28, r26
    279a:	08 95       	ret

0000279c <_exit>:
    279c:	f8 94       	cli

0000279e <__stop_program>:
    279e:	ff cf       	rjmp	.-2      	; 0x279e <__stop_program>
